{
  "experiment": "local_vs_nonlocal",
  "n_qubits": 12,
  "k": 6,
  "n_samples": 10,
  "delta": 1.0,
  "alpha": 0.5,
  "all_to_all": {
    "ollivier_scalars": [
      0.32642089086654974,
      0.07875444005911438,
      0.14444129308885792,
      0.22956272982403378,
      0.18571339060891515,
      0.25348524773692854,
      -0.2210175302257294,
      0.4697218934732129,
      0.4747074089227213,
      0.4991274258792167
    ],
    "forman_scalars": [
      -2.0,
      -1.4285714285714286,
      -0.8571428571428571,
      -1.4285714285714286,
      -1.4285714285714286,
      -1.4285714285714286,
      -1.4285714285714286,
      -2.2857142857142856,
      -1.7142857142857142,
      -2.2857142857142856
    ],
    "ollivier_mean": 0.2440917190233821,
    "ollivier_std": 0.20813804852464457,
    "forman_mean": -1.6285714285714286
  },
  "chain": {
    "ollivier_scalars": [
      0.7142857142857143,
      -111.71948166680707,
      0.39239960768044513,
      0.09904455943318569,
      -8.023202994686896,
      0.1649130680696187,
      0.7142857142857143,
      0.073372517918406,
      0.7142857142857143,
      0.21436788020742178
    ],
    "forman_scalars": [
      -1.4285714285714286,
      -0.8571428571428571,
      -2.0,
      -2.2857142857142856,
      -2.2857142857142856,
      -1.1428571428571428,
      -1.4285714285714286,
      -1.7142857142857142,
      -1.4285714285714286,
      -2.0
    ],
    "ollivier_mean": -11.665572988532777,
    "ollivier_std": 33.44627239565326,
    "forman_mean": -1.657142857142857
  },
  "chain_more_negative": true,
  "elapsed_seconds": 33.87456154823303
}