{
  "experiment": "perspective_dependent_curvature",
  "n_qubits": 12,
  "k": 6,
  "n_samples": 10,
  "max_subsets": 50,
  "alpha": 0.5,
  "sample_records": [
    {
      "sample": 0,
      "E0": -43.858281593224426,
      "n_subsets": 50,
      "curvature_mean": 0.37484210547089597,
      "curvature_std": 0.23724591583546883,
      "curvature_min": -0.2665427785051497,
      "curvature_max": 0.7142857142857143,
      "curvature_range": 0.9808284927908639,
      "curvature_iqr": 0.1992739180839907,
      "curvatures": [
        0.37585283846749823,
        0.3641183794488265,
        0.24959068988278046,
        0.3440440880605177,
        0.3973245884340159,
        0.4094533517362784,
        0.17214747589100998,
        0.45949452570949945,
        0.3468890235882765,
        0.384154692031952,
        0.7142857142857143,
        0.4262182769717877,
        0.7142857142857143,
        0.7142857142857143,
        0.3398060829624635,
        0.20303226720750425,
        0.4070677151667489,
        0.46049662619856585,
        0.32021730285018585,
        0.7142857142857143,
        0.3719499996474197,
        0.15088665333905066,
        0.3839856531596761,
        -0.2665427785051497,
        0.7142857142857143,
        0.47128546263371657,
        -0.03384886871929081,
        0.18732915928013424,
        0.3811326884636412,
        0.20394491951475238,
        -0.020140049692955464,
        0.3931615233099537,
        0.7142857142857143,
        0.3627080981404881,
        0.3687867143802056,
        -0.014905655383759066,
        0.46438433408401314,
        0.30778188646630106,
        0.11718288671258316,
        0.7142857142857143,
        0.7142857142857143,
        0.7142857142857143,
        0.3516843670780103,
        -0.05293469706141756,
        0.3918555061365658,
        -0.022651713581886414,
        0.7142857142857143,
        0.32679743966882135,
        0.7142857142857143,
        0.4012209627231554
      ]
    },
    {
      "sample": 1,
      "E0": -36.48532091612822,
      "n_subsets": 50,
      "curvature_mean": 0.24572321288866292,
      "curvature_std": 0.33418125223959244,
      "curvature_min": -1.2239516000135158,
      "curvature_max": 0.7142857142857143,
      "curvature_range": 1.9382373142992302,
      "curvature_iqr": 0.2837036832625103,
      "curvatures": [
        0.3187838432349677,
        0.7142857142857143,
        0.15298537987420024,
        0.3064662051414621,
        0.7142857142857143,
        0.3639373881591918,
        -1.2239516000135158,
        0.3583852371309029,
        -0.4617836668559239,
        0.284564982131993,
        0.47988805517639943,
        0.3863013355257789,
        -0.12409500752118256,
        0.4474604036879816,
        -0.055257818542490025,
        0.4881633520276316,
        0.14887172951319164,
        0.45830640204346246,
        0.4111011037808901,
        0.05726901597579984,
        0.7142857142857143,
        0.3254993005914636,
        0.2521914557763015,
        0.38553684746728006,
        0.26393360724866277,
        -0.19247308389764167,
        0.2428618845648874,
        -0.01612528234144977,
        0.47594472862946474,
        0.11731343834894634,
        0.068732793500755,
        0.37524826108927434,
        0.4023234662674013,
        -0.21696792143030375,
        -0.20121083889277586,
        0.08595682361649694,
        0.3015722969013191,
        0.45607807091264635,
        0.2862642749994033,
        0.7142857142857143,
        -0.2416124970029043,
        0.3955999364142964,
        0.36187624120918815,
        0.33216775208948546,
        0.29208629687372817,
        0.43503658524196026,
        0.7142857142857143,
        0.37236677750532776,
        0.3353788326705375,
        0.22175568418008235
      ]
    },
    {
      "sample": 2,
      "E0": -37.313093803716384,
      "n_subsets": 50,
      "curvature_mean": 0.3025573032961353,
      "curvature_std": 0.1439233578000939,
      "curvature_min": -0.03485128301749967,
      "curvature_max": 0.7142857142857143,
      "curvature_range": 0.7491369973032139,
      "curvature_iqr": 0.1348189175481402,
      "curvatures": [
        -0.03485128301749967,
        0.3185081677393364,
        0.3267022701477753,
        0.35038466735903295,
        0.362263381581454,
        0.46768651953781887,
        0.4173808992972642,
        0.27076539160514784,
        0.09609825401623648,
        0.15854060041582155,
        0.2989844252770596,
        0.26443185211996967,
        0.28317757744525895,
        0.050709358774935306,
        0.2949148824304573,
        0.36575911071667416,
        0.33644184507485925,
        0.3387276891527811,
        0.7142857142857143,
        0.26010322491862187,
        0.3907419084990596,
        0.1897293155278855,
        0.49428798211176683,
        0.30016576490876273,
        0.46969283280721763,
        0.2322263042715947,
        0.24988795832871932,
        0.299996100862388,
        0.26786416916718314,
        0.11982586605836912,
        0.1028786446935162,
        0.4795758399893311,
        0.15088492255029576,
        0.2648713317768893,
        0.24400606369061478,
        0.3006642222039477,
        0.7142857142857143,
        0.42981291332991606,
        0.2612779818155841,
        0.40203998039399375,
        0.27566425879407164,
        0.18953680140199433,
        0.30749989951967394,
        0.37039662960028163,
        0.3963690971171238,
        0.08545492766522737,
        0.19732304775861045,
        0.3687707578971148,
        0.47906878839316597,
        0.1520505905080307
      ]
    },
    {
      "sample": 3,
      "E0": -36.43353060958317,
      "n_subsets": 50,
      "curvature_mean": 0.06162433525039743,
      "curvature_std": 0.37274561099067055,
      "curvature_min": -1.3344703422769346,
      "curvature_max": 0.4778286313087144,
      "curvature_range": 1.812298973585649,
      "curvature_iqr": 0.29926266811292085,
      "curvatures": [
        -0.9631450599242835,
        0.3100890925112908,
        0.2133491875845847,
        0.2991062448286555,
        0.2577430320432549,
        0.24213258152856648,
        0.32753916035833325,
        -0.03189522983378842,
        -0.27354532695642614,
        -0.55672244513989,
        0.13590031049481824,
        0.07822842756051036,
        0.2539826434947329,
        0.38054501376528105,
        0.37483634398662524,
        0.29012682882520874,
        0.14864427310111195,
        0.3100890925112908,
        -0.0710641154922408,
        -0.006529992460294113,
        0.20648826362599484,
        0.3786209045417962,
        0.09497223153095782,
        -0.02519258614847884,
        0.15869941150804692,
        0.25500207651812234,
        0.002340955997247786,
        0.4595275598007915,
        0.02141117088727283,
        0.14219219355284457,
        -0.1362876965263832,
        0.251875799678137,
        -0.9247923604841741,
        0.09885855473209229,
        -0.8287432556310824,
        0.298278365599398,
        0.2120624028668574,
        -0.025581430890882224,
        0.10519639158968365,
        0.24353436508242984,
        0.033219904179652496,
        -0.04880806715946985,
        0.42906441073506646,
        0.21790870588797298,
        -0.020799053824169373,
        0.07290304195426853,
        0.3786209045417962,
        -1.3344703422769346,
        0.16787524655495942,
        0.4778286313087144
      ]
    },
    {
      "sample": 4,
      "E0": -32.448809529784754,
      "n_subsets": 50,
      "curvature_mean": 0.03528199998832437,
      "curvature_std": 0.5136851833011381,
      "curvature_min": -2.1387832756026475,
      "curvature_max": 0.7142857142857143,
      "curvature_range": 2.853068989888362,
      "curvature_iqr": 0.3694529099628436,