{
  "experiment": "circularity_breaking",
  "n_values": [
    8,
    10
  ],
  "n_hamiltonians": 20,
  "tests": {
    "N=8": {
      "N": 8,
      "k_observer": 4,
      "test1_coupling_vs_corr_alltoall": {
        "description": "Coupling distance d_J=1/|J_ij| vs |C_ij|, random all-to-all. NEGATIVE CONTROL.",
        "expected": "r ~ 0 (random couplings, no spatial structure)",
        "n_hamiltonians": 20,
        "r_values": [
          -0.1915162918106222,
          0.04153597125467809,
          -0.30007569596145406,
          -0.03730413236658795,
          -0.13159612822920738,
          -0.25134994019644397,
          -0.1579479995623856,
          -0.19444715806502713,
          -0.20806598089695355,
          -0.10435775274234958,
          -0.2670542081936775,
          -0.15979598180240837,
          -0.1120202081263675,
          -0.18021610487537887,
          -0.064996787029824,
          -0.14362240319349945,
          -0.2256070206701918,
          -0.11349908047823773,
          -0.24033133546332258,
          -0.22918010401591693
        ],
        "mean_r": -0.16357241712125892,
        "std_r": 0.08153217899655511,
        "bootstrap_ci": {
          "estimate": -0.16357241712125892,
          "ci_low": -0.19796925977182664,
          "ci_high": -0.12761996764524913,
          "se": 0.018056672738872487,
          "n": 20,
          "n_bootstrap": 10000,
          "ci_level": 0.95
        }
      },
      "test2_cross_observer": {
        "description": "Observer A MI-distance vs Observer B |C_ij| on overlapping pairs. CIRCULARITY BREAKER.",
        "expected": "r < 0 if emergent metric is real (not circular)",
        "n_samples": 100,
        "r_values": [
          -0.9993188010799825,
          0.918485422124987,
          -0.12401367215291602,
          -0.9368134961990713,
          0.08874482548595485,
          -0.9899882562581878,
          -0.9899882562581878,
          -0.999238256885505,
          -0.9916728963317413,
          -0.9990416648441113,
          -0.9886242339195302,
          -0.7519646983568506,
          -0.4019837598895867,
          -0.6829266923716671,
          -0.9991866820336384,
          -0.6397018013328074,
          -0.5740125852273212,
          -0.6765079840453612,
          -0.8594019706373659,
          -0.8803869910543679,
          -0.9265343757360017,
          -0.5256060697260648,
          -0.9990490654082408,
          -0.9483905800381482,
          -0.8292881618627788,
          -0.9643490010222954,
          -0.9063524625818674,
          -0.8729797735533512,
          -0.5917386208283086,
          -0.7000801069766291,
          0.9425509071518821,
          -0.2936280746701455,
          -0.9490319716617529,
          -0.5243957506908434,
          -0.9679880378591518,
          -0.9989416245266433,
          -0.8746013927732048,
          -0.6968400316914329,
          -0.9491721941984659,
          -0.9989392218212851,
          -0.9928126054831057,
          -0.5514740379782991,
          -0.9905212436149037,
          -0.6110103704894657,
          -0.7921659162897613,
          -0.9994028445268532,
          -0.19172787546905584,
          -0.8125094338489375,
          -0.11312504660235687,
          -0.8125094338489375,
          -0.5621930025697083,
          -0.9990483071308978,
          -0.8574295851253665,
          -0.9719241119660487,
          -0.7486999513686912,
          -0.5734452470190026,
          -0.9910146557747957,
          -0.9460540020070449,
          -0.9557841257091733,
          -0.7704838901310004,
          0.29866997068294376,
          -0.5137188813786508,
          0.36329046097874695,
          -0.7875432938878119,
          -0.5137188813786508,
          -0.7509799873742041,
          -0.9547762515881301,
          -0.7862694219761007,
          -0.8847985117928934,
          -0.9597739850692941,
          -0.9994329319983353,
          -0.9858673992827983,
          -0.993877947584418,
          -0.9992365750198247,
          -0.998924740476663,
          -0.8887069088695773,
          -0.8905005277538096,
          -0.9715874128403102,
          -0.9933056632600188,
          -0.8905005277538096,
          -0.8306527049264941,
          -0.9907971927633316,
          -0.9938025459363287,
          -0.6570373634515404,
          -0.7976472051269126,
          -0.9931557874239596,
          -0.9992572746884695,
          -0.975152924781037,
          -0.5872259806720128,
          -0.84548382142629,
          -0.7680493315978396,
          -0.9347424078238792,
          0.4587181340347202,
          -0.9256242377471917,
          -0.6021626263772354,
          -0.6243398602840844,
          -0.9957785868825462,
          -0.9998043282413721,
          -0.9407629455227597,
          -0.869174353183338
        ],
        "r_log_values": [
          -0.9788557526018768,
          0.8325053946500458,
          -0.09290269150698452,
          -0.9736367393066029,
          0.38316879464384307,
          -0.9956199535382045,
          -0.9956199535382045,
          -0.9885619660312901,
          -0.9962554792774555,
          -0.9995967612862539,
          -0.9836353895682238,
          -0.7349102898923047,
          -0.3786405994917059,
          -0.8711908720524618,
          -0.9992309736109076,
          -0.605292953946694,
          -0.6643532445991298,
          -0.7444021627780831,
          -0.9975507726045224,
          -0.9983731469657724,
          -0.9412544338920792,
          -0.6948802958086596,
          -0.9994953899960789,
          -0.9144259107578189,
          -0.861184470748703,
          -0.9596453712551414,
          -0.8661933209117655,
          -0.9241374688923197,
          -0.6396447925866428,
          -0.7965156827551498,
          0.9960379408665606,
          -0.4464947610165424,
          -0.9921080833251653,
          -0.30079385265640624,
          -0.9979267765683741,
          -0.9925836901029426,
          -0.9539581609261616,
          -0.8460550335886962,
          -0.984027783697848,
          -0.9996951398510417,
          -0.9793735040611873,
          -0.7430865943348828,
          -0.9870869019532789,
          -0.8241654551215263,
          -0.969581033318045,
          -0.9974927024905476,
          -0.22093665492366668,
          -0.9586661888447792,
          -0.11722414105970401,
          -0.9586661888447792,
          -0.5488501401807712,
          -0.999431805932816,
          -0.905637850792327,
          -0.9957559493067455,
          -0.8374082468199825,
          -0.8550654413385816,
          -0.999996183580766,
          -0.9678911659813658,
          -0.9741605500351784,
          -0.8887518387567326,
          0.3098253326692785,
          -0.3566656814081052,
          0.517612348390132,
          -0.7589980470223953,
          -0.3566656814081052,
          -0.8375451411665165,
          -0.9651570346196174,
          -0.868156974637742,
          -0.9027402926360767,
          -0.9632001483075516,
          -0.9992032461215417,
          -0.9967546997179985,
          -0.9985668221915589,
          -0.9987973528222656,
          -0.9999543219234628,
          -0.9318173701396432,
          -0.8948211238882525,
          -0.9771554623899525,
          -0.9992220074549247,
          -0.8948211238882525,
          -0.8823873361233991,
          -0.9779064466740179,
          -0.9745903623395512,
          -0.6711415496489093,
          -0.7734519855613283,
          -0.9546873781997957,
          -0.9893785453758815,
          -0.9824538173931323,
          -0.7425030222809678,
          -0.6094403275263732,
          -0.7010993320108388,
          -0.9612643654479293,
          0.4916189466713291,
          -0.9590362445102166,
          -0.6145723897806435,
          -0.9589686524842165,
          -0.9999537688663361,
          -0.9783410639758069,
          -0.9359123109262056,
          -0.8297933702056483
        ],
        "mean_r": -0.742697265111409,