{
  "subtract": {
    "0.375": {
      "dim_ratio": {
        "estimate": 0.25583333333333336,
        "ci_low": 0.24900000000000003,
        "ci_high": 0.26275000000000004,
        "se": 0.003502543835937608,
        "n": 200
      },
      "pearson_r": {
        "estimate": -0.7385175096637475,
        "ci_low": -0.8067382225359668,
        "ci_high": -0.6661213420880002,
        "se": 0.035556210918788404,
        "n": 200
      },
      "triangle_ineq_rate": 0.6666666666666669,
      "triangle_ineq_std": 1.1102230246251565e-16,
      "n_trials": 200
    },
    "0.5": {
      "dim_ratio": {
        "estimate": 0.44175000000000003,
        "ci_low": 0.4210000000000001,
        "ci_high": 0.4622500000000001,
        "se": 0.010493159404264336,
        "n": 200
      },
      "pearson_r": {
        "estimate": -0.8054313782781756,
        "ci_low": -0.8500171166375896,
        "ci_high": -0.7565702190801807,
        "se": 0.023967493026874495,
        "n": 200
      },
      "triangle_ineq_rate": 0.8091666666666667,
      "triangle_ineq_std": 0.05438417866336576,
      "n_trials": 200
    }
  },
  "inverse": {
    "0.375": {
      "dim_ratio": {
        "estimate": 0.9875,
        "ci_low": 0.925,
        "ci_high": 1.0525,
        "se": 0.03278257609552812,
        "n": 200
      },
      "pearson_r": {
        "estimate": -0.6970407217434159,
        "ci_low": -0.7624714348491867,
        "ci_high": -0.6273083954280203,
        "se": 0.03386791472066017,
        "n": 200
      },
      "triangle_ineq_rate": 0.79,
      "triangle_ineq_std": 0.16093476939431078,
      "n_trials": 200
    },
    "0.5": {
      "dim_ratio": {
        "estimate": 1.015,
        "ci_low": 0.95,
        "ci_high": 1.0850624999999992,
        "se": 0.03460305388643686,
        "n": 200
      },
      "pearson_r": {
        "estimate": -0.5938922996471478,
        "ci_low": -0.63843045669888,
        "ci_high": -0.5458560495235939,
        "se": 0.023641162256305845,
        "n": 200
      },
      "triangle_ineq_rate": 0.7725,
      "triangle_ineq_std": 0.10264217781529511,
      "n_trials": 200
    }
  },
  "neglog": {
    "0.375": {
      "dim_ratio": {
        "estimate": 0.4125,
        "ci_low": 0.4,
        "ci_high": 0.425,
        "se": 0.006348704011464994,
        "n": 200
      },
      "pearson_r": {
        "estimate": -0.740857733272837,
        "ci_low": -0.80832889681818,
        "ci_high": -0.6690580434729337,
        "se": 0.034833644471568934,
        "n": 200
      },
      "triangle_ineq_rate": 0.6666666666666669,
      "triangle_ineq_std": 1.1102230246251565e-16,
      "n_trials": 200
    },
    "0.5": {
      "dim_ratio": {
        "estimate": 0.5341666666666667,
        "ci_low": 0.5058333333333332,
        "ci_high": 0.5629166666666666,
        "se": 0.014609328566226218,
        "n": 200
      },
      "pearson_r": {
        "estimate": -0.7514437636333569,
        "ci_low": -0.7973341645004802,
        "ci_high": -0.7024829840400029,
        "se": 0.02421256366335877,
        "n": 200
      },
      "triangle_ineq_rate": 0.7404166666666667,
      "triangle_ineq_std": 0.06981001002721599,
      "n_trials": 200
    }
  },
  "normalized": {
    "0.375": {
      "dim_ratio": {
        "estimate": 0.25583333333333336,
        "ci_low": 0.24900000000000003,
        "ci_high": 0.26275000000000004,
        "se": 0.003502543835937608,
        "n": 200
      },
      "pearson_r": {
        "estimate": -0.7385175096637475,
        "ci_low": -0.8067382225359668,
        "ci_high": -0.6661213420880002,
        "se": 0.035556210918788404,
        "n": 200
      },
      "triangle_ineq_rate": 0.6666666666666669,
      "triangle_ineq_std": 1.1102230246251565e-16,
      "n_trials": 200
    },
    "0.5": {
      "dim_ratio": {
        "estimate": 0.44175000000000003,
        "ci_low": 0.4210000000000001,
        "ci_high": 0.4622500000000001,
        "se": 0.010493159404264336,
        "n": 200
      },
      "pearson_r": {
        "estimate": -0.8054313782781756,
        "ci_low": -0.8500171166375896,
        "ci_high": -0.7565702190801807,
        "se": 0.023967493026874495,
        "n": 200
      },
      "triangle_ineq_rate": 0.8091666666666667,
      "triangle_ineq_std": 0.05438417866336576,
      "n_trials": 200
    }
  },
  "sqrt": {
    "0.375": {
      "dim_ratio": {
        "estimate": 0.22083333333333335,
        "ci_low": 0.21558333333333338,
        "ci_high": 0.22625,
        "se": 0.002699762385439136,
        "n": 200
      },
      "pearson_r": {
        "estimate": -0.7238992580885841,
        "ci_low": -0.7930615441446484,
        "ci_high": -0.649905981112431,
        "se": 0.036307149796474966,
        "n": 200
      },
      "triangle_ineq_rate": 0.6666666666666669,
      "triangle_ineq_std": 1.1102230246251565e-16,
      "n_trials": 200
    },
    "0.5": {
      "dim_ratio": {
        "estimate": 0.42233333333333334,
        "ci_low": 0.40775000000000006,
        "ci_high": 0.43683541666666664,
        "se": 0.007463770466897254,
        "n": 200
      },
      "pearson_r": {
        "estimate": -0.7923848613997422,
        "ci_low": -0.8350107448379029,
        "ci_high": -0.7462930151975845,
        "se": 0.022546341505497836,
        "n": 200
      },
      "triangle_ineq_rate": 0.82875,
      "triangle_ineq_std": 0.022356797375493852,
      "n_trials": 200
    }
  }
}