{
  "experiment": "symmetry_breaking",
  "n_qubits": 8,
  "MI_full_symmetric": [
    [
      0.0,
      0.4150374992788439,
      0.4150374992788439,
      0.4150374992788439,
      0.4512050593046013,
      0.45120505930460153,
      0.45120505930460175,
      0.45120505930460153
    ],
    [
      0.4150374992788439,
      0.0,
      0.4150374992788439,
      0.4150374992788439,
      0.45120505930460153,
      0.451205059304602,
      0.4512050593046013,
      0.45120505930460175
    ],
    [
      0.4150374992788439,
      0.4150374992788439,
      0.0,
      0.4150374992788439,
      0.45120505930460153,
      0.451205059304602,
      0.4512050593046013,
      0.45120505930460175
    ],
    [
      0.4150374992788439,
      0.4150374992788439,
      0.4150374992788439,
      0.0,
      0.45120505930460175,
      0.45120505930460175,
      0.4512050593046013,
      0.45120505930460175
    ],
    [
      0.4512050593046013,
      0.45120505930460153,
      0.45120505930460153,
      0.45120505930460175,
      0.0,
      0.4150374992788439,
      0.4150374992788439,
      0.4150374992788439
    ],
    [
      0.45120505930460153,
      0.451205059304602,
      0.451205059304602,
      0.45120505930460175,
      0.4150374992788439,
      0.0,
      0.4150374992788439,
      0.4150374992788439
    ],
    [
      0.45120505930460175,
      0.4512050593046013,
      0.4512050593046013,
      0.4512050593046013,
      0.4150374992788439,
      0.4150374992788439,
      0.0,
      0.4150374992788439
    ],
    [
      0.45120505930460153,
      0.45120505930460175,
      0.45120505930460175,
      0.45120505930460175,
      0.4150374992788439,
      0.4150374992788439,
      0.4150374992788439,
      0.0
    ]
  ],
  "MI_full_symmetric_stats": {
    "mean": 0.4357046764364197,
    "std": 0.01789830044297413,
    "is_uniform": false
  },
  "MI_conditioned": [
    [
      0.0,
      0.3774437510817341,
      0.3774437510817341,
      0.42533120744033814,
      0.42533120744033814,
      0.42533120744033814,
      0.4253312074403388
    ],
    [
      0.3774437510817341,
      0.0,
      0.3774437510817341,
      0.42533120744033814,
      0.42533120744033814,
      0.42533120744033814,
      0.4253312074403388
    ],
    [
      0.3774437510817341,
      0.3774437510817341,
      0.0,
      0.42533120744033814,
      0.42533120744033814,
      0.4253312074403379,
      0.42533120744033814
    ],
    [
      0.42533120744033814,
      0.42533120744033814,
      0.42533120744033814,
      0.0,
      0.3418841193973787,
      0.3418841193973785,
      0.3418841193973787
    ],
    [
      0.42533120744033814,
      0.42533120744033814,
      0.42533120744033814,
      0.3418841193973787,
      0.0,
      0.34188411939737895,
      0.3418841193973785
    ],
    [
      0.42533120744033814,
      0.42533120744033814,
      0.4253312074403379,
      0.3418841193973785,
      0.34188411939737895,
      0.0,
      0.3418841193973785
    ],
    [
      0.4253312074403388,
      0.4253312074403388,
      0.42533120744033814,
      0.3418841193973787,
      0.3418841193973785,
      0.3418841193973785,
      0.0
    ]
  ],
  "MI_conditioned_stats": {
    "mean": 0.39464811709112063,
    "std": 0.03709038621789509,
    "is_uniform": false
  },
  "MI_random_full": [
    [
      0.0,
      0.39248568562370645,
      0.10122217461516092,
      0.11719550168695392,
      0.677314197466736,
      0.385158519720334,
      0.2508125455293304,
      0.4230587047728229
    ],
    [
      0.39248568562370645,
      0.0,
      0.029656550253195357,
      0.02241266549425358,
      0.30353975316521775,
      0.47956922804829594,
      0.7190480557224332,
      0.41280410211511764
    ],
    [
      0.10122217461516092,
      0.029656550253195357,
      0.0,
      1.6542169043987656,
      0.0927497273934168,
      0.04935290024846939,
      0.004760387086520712,
      0.023637184426011926
    ],
    [
      0.11719550168695392,
      0.02241266549425358,
      1.6542169043987656,
      0.0,
      0.07499407048172979,
      0.04332822691343452,
      0.0016534919198560871,
      0.018717768624377795
    ],
    [
      0.677314197466736,
      0.30353975316521775,
      0.0927497273934168,
      0.07499407048172979,
      0.0,
      0.653675183340543,
      0.22145695683177102,
      0.3034404401773929
    ],
    [
      0.385158519720334,
      0.47956922804829594,
      0.04935290024846939,
      0.04332822691343452,
      0.653675183340543,
      0.0,
      0.30113962207610623,
      0.4644025828364242
    ],
    [
      0.2508125455293304,
      0.7190480557224332,
      0.004760387086520712,
      0.0016534919198560871,
      0.22145695683177102,
      0.30113962207610623,
      0.0,
      0.708359564420642
    ],
    [
      0.4230587047728229,
      0.41280410211511764,
      0.023637184426011926,
      0.018717768624377795,
      0.3034404401773929,
      0.4644025828364242,
      0.708359564420642,
      0.0
    ]
  ],
  "MI_random_observer": [
    [
      0.0,
      0.39248568562370645,
      0.10122217461516092,
      0.11719550168695392
    ],
    [
      0.39248568562370645,
      0.0,
      0.029656550253195357,
      0.02241266549425358
    ],
    [
      0.10122217461516092,
      0.029656550253195357,
      0.0,
      1.6542169043987656
    ],
    [
      0.11719550168695392,
      0.02241266549425358,
      1.6542169043987656,
      0.0
    ]
  ],
  "random_cv_full": 1.08003247841809,
  "random_cv_observer": 1.502766473966489,
  "elapsed_seconds": 0.7257735729217529
}