{
  "experiment": "emergent_metric",
  "n_qubits": 8,
  "n_trials": 20,
  "full_dims": [
    2.0,
    2.0,
    2.0,
    1.0,
    2.0,
    2.0,
    1.0,
    2.0,
    2.0,
    1.0,
    4.0,
    2.0,
    1.0,
    2.0,
    1.0,
    3.0,
    3.0,
    3.0,
    2.0,
    3.0
  ],
  "observer_dims": [
    2.0,
    2.0,
    2.0,
    1.0,
    2.0,
    1.0,
    1.0,
    1.0,
    1.0,
    1.0,
    2.0,
    1.0,
    1.0,
    2.0,
    1.0,
    2.0,
    2.0,
    1.0,
    1.0,
    2.0
  ],
  "locality_ratios": [
    1.0,
    1.0,
    1.0,
    1.0,
    1.0,
    0.5,
    1.0,
    0.5,
    0.5,
    1.0,
    0.5,
    0.5,
    1.0,
    1.0,
    1.0,
    0.6666666666666666,
    0.6666666666666666,
    0.3333333333333333,
    0.5,
    0.6666666666666666
  ],
  "mean_full_dim": 2.05,
  "mean_observer_dim": 1.45,
  "mean_ratio": 0.7666666666666666,
  "elapsed_seconds": 2.5558881759643555
}