{
  "experiment": "sheaf_convergence",
  "n_qubits": 8,
  "MI_true": [
    [
      0.0,
      0.39248568562370645,
      0.10122217461516092,
      0.11719550168695392,
      0.677314197466736,
      0.385158519720334,
      0.2508125455293304,
      0.4230587047728229
    ],
    [
      0.39248568562370645,
      0.0,
      0.029656550253195357,
      0.02241266549425358,
      0.30353975316521775,
      0.47956922804829594,
      0.7190480557224332,
      0.41280410211511764
    ],
    [
      0.10122217461516092,
      0.029656550253195357,
      0.0,
      1.6542169043987656,
      0.0927497273934168,
      0.04935290024846939,
      0.004760387086520712,
      0.023637184426011926
    ],
    [
      0.11719550168695392,
      0.02241266549425358,
      1.6542169043987656,
      0.0,
      0.07499407048172979,
      0.04332822691343452,
      0.0016534919198560871,
      0.018717768624377795
    ],
    [
      0.677314197466736,
      0.30353975316521775,
      0.0927497273934168,
      0.07499407048172979,
      0.0,
      0.653675183340543,
      0.22145695683177102,
      0.3034404401773929
    ],
    [
      0.385158519720334,
      0.47956922804829594,
      0.04935290024846939,
      0.04332822691343452,
      0.653675183340543,
      0.0,
      0.30113962207610623,
      0.4644025828364242
    ],
    [
      0.2508125455293304,
      0.7190480557224332,
      0.004760387086520712,
      0.0016534919198560871,
      0.22145695683177102,
      0.30113962207610623,
      0.0,
      0.708359564420642
    ],
    [
      0.4230587047728229,
      0.41280410211511764,
      0.023637184426011926,
      0.018717768624377795,
      0.3034404401773929,
      0.4644025828364242,
      0.708359564420642,
      0.0
    ]
  ],
  "consistency_scores": {
    "2": {
      "patch_size": 2,
      "n_patches": 28,
      "n_checks": 0,
      "violations": 0,
      "perfect": true
    },
    "3": {
      "patch_size": 3,
      "n_patches": 50,
      "n_checks": 333,
      "violations": 0,
      "perfect": true
    },
    "4": {
      "patch_size": 4,
      "n_patches": 50,
      "n_checks": 924,
      "violations": 0,
      "perfect": true
    },
    "5": {
      "patch_size": 5,
      "n_patches": 50,
      "n_checks": 1225,
      "violations": 0,
      "perfect": true
    },
    "6": {
      "patch_size": 6,
      "n_patches": 28,
      "n_checks": 378,
      "violations": 0,
      "perfect": true
    },
    "7": {
      "patch_size": 7,
      "n_patches": 8,
      "n_checks": 28,
      "violations": 0,
      "perfect": true
    }
  },
  "reconstruction": [
    {
      "patch_size": 2,
      "coverage": 1.0,
      "mean_error": 0.0,
      "n_patches": 28
    },
    {
      "patch_size": 3,
      "coverage": 1.0,
      "mean_error": 0.0,
      "n_patches": 56
    },
    {
      "patch_size": 4,
      "coverage": 1.0,
      "mean_error": 0.0,
      "n_patches": 70
    },
    {
      "patch_size": 5,
      "coverage": 1.0,
      "mean_error": 0.0,
      "n_patches": 56
    },
    {
      "patch_size": 6,
      "coverage": 1.0,
      "mean_error": 0.0,
      "n_patches": 28
    },
    {
      "patch_size": 7,
      "coverage": 1.0,
      "mean_error": 0.0,
      "n_patches": 8
    }
  ],
  "elapsed_seconds": 2.3601040840148926
}