{
  "experiment": "exp2_curvature_vs_entanglement",
  "paper": "PLC Paper 3",
  "n_qubits": 20,
  "hilbert_dim": 1048576,
  "observer_k": 10,
  "coupling": "all_to_all",
  "threshold": 0.5,
  "deltas": [
    10.0,
    5.0,
    2.0,
    1.5,
    1.0,
    0.7,
    0.5,
    0.3,
    0.1
  ],
  "seeds": [
    2000,
    2001,
    2002
  ],
  "results": [
    {
      "delta": 10.0,
      "mean_entropy": 1.0343573874660217,
      "std_entropy": 0.14165357400192535,
      "mean_R_ORC": 0.4345959452918137,
      "std_R_ORC": 0.06777139694510229,
      "mean_R_FRC": -7.666666666666667,
      "std_R_FRC": 0.3347079096117356,
      "entropies": [
        1.1483889386609079,
        0.83470148238061,
        1.1199817413565474
      ],
      "orcs": [
        0.41884320853826773,
        0.5243461912451132,
        0.36059843609206027
      ],
      "frcs": [
        -7.636363636363637,
        -8.090909090909092,
        -7.2727272727272725
      ]
    },
    {
      "delta": 5.0,
      "mean_entropy": 1.1729862319561732,
      "std_entropy": 0.3771791158051287,
      "mean_R_ORC": 0.44472144953082154,
      "std_R_ORC": 0.061576923440824605,
      "mean_R_FRC": -7.363636363636364,
      "std_R_FRC": 0.5352582343229001,
      "entropies": [
        1.487941217809218,
        0.6426835175598055,
        1.3883339604994964
      ],
      "orcs": [
        0.4354443503295581,
        0.5243468501352339,
        0.37437314812767253
      ],
      "frcs": [
        -6.818181818181818,
        -8.090909090909092,
        -7.181818181818182
      ]
    },
    {
      "delta": 2.0,
      "mean_entropy": 2.4300955358982237,
      "std_entropy": 1.0564240194667323,
      "mean_R_ORC": 0.38632491063068947,
      "std_R_ORC": 0.08434376443264756,
      "mean_R_FRC": -6.727272727272727,
      "std_R_FRC": 0.5195887333176438,
      "entropies": [
        3.6818495933392734,
        1.0979031398528247,
        2.5105338745025727
      ],
      "orcs": [
        0.49224608979701306,
        0.2858634394660602,
        0.3808652026289952
      ],
      "frcs": [
        -6.7272727272727275,
        -6.090909090909091,
        -7.363636363636363
      ]
    },
    {
      "delta": 1.5,
      "mean_entropy": 3.5705145668235505,
      "std_entropy": 0.7401494296788663,
      "mean_R_ORC": 0.4483192960751676,
      "std_R_ORC": 0.008693233310048646,
      "mean_R_FRC": -7.060606060606061,
      "std_R_FRC": 0.3428396514843868,
      "entropies": [
        4.597463742134629,
        2.881645250407855,
        3.232434707928167
      ],
      "orcs": [
        0.4526361858964702,
        0.45612989348449157,
        0.4361918088445409
      ],
      "frcs": [
        -6.818181818181818,
        -6.818181818181818,
        -7.545454545454546
      ]
    },
    {
      "delta": 1.0,
      "mean_entropy": 5.24861018452237,
      "std_entropy": 0.4911319601631692,
      "mean_R_ORC": 0.29341642998560474,
      "std_R_ORC": 0.06465216687428793,
      "mean_R_FRC": -6.454545454545454,
      "std_R_FRC": 0.6075738683564671,
      "entropies": [
        5.878713217195263,
        4.680490437064567,
        5.186626899307281
      ],
      "orcs": [
        0.215711770710832,
        0.29053935191625785,
        0.37399816732972435
      ],
      "frcs": [
        -5.636363636363637,
        -6.636363636363637,
        -7.090909090909091
      ]
    },
    {
      "delta": 0.7,
      "mean_entropy": 4.837859611062663,
      "std_entropy": 0.5798313356008025,
      "mean_R_ORC": 0.37081417580326,
      "std_R_ORC": 0.1700926839775429,
      "mean_R_FRC": -6.666666666666667,
      "std_R_FRC": 0.6312929289696869,
      "entropies": [
        5.650042872616053,
        4.333914370969357,
        4.529621589602577
      ],
      "orcs": [
        0.19836201290850636,
        0.31180778722854635,
        0.6022727272727274
      ],
      "frcs": [
        -6.090909090909091,
        -6.363636363636363,
        -7.545454545454546
      ]
    },
    {
      "delta": 0.5,
      "mean_entropy": 4.5147362116948955,
      "std_entropy": 0.5974437762015442,
      "mean_R_ORC": 0.42929598184552226,
      "std_R_ORC": 0.14784184342366727,
      "mean_R_FRC": -6.878787878787879,
      "std_R_FRC": 0.4942274675848515,
      "entropies": [
        5.32911999358709,
        3.9126266703777604,
        4.302461971119837
      ],
      "orcs": [
        0.24109674365324468,
        0.4445184746105948,
        0.6022727272727274
      ],
      "frcs": [
        -6.363636363636363,
        -6.7272727272727275,
        -7.545454545454546
      ]
    },
    {
      "delta": 0.3,
      "mean_entropy": 4.299575383783977,
      "std_entropy": 0.5945878478070559,
      "mean_R_ORC": 0.41801135909024917,
      "std_R_ORC": 0.09809961371065756,
      "mean_R_FRC": -7.06060606060606,
      "std_R_FRC": 0.7435057058415336,
      "entropies": [
        5.089969555587762,
        3.6558630005185293,
        4.15289359524564
      ],
      "orcs": [
        0.28604766353013733,
        0.44691911071329876,
        0.5210673030273113
      ],
      "frcs": [
        -6.363636363636363,
        -6.7272727272727275,
        -8.090909090909092
      ]
    },
    {
      "delta": 0.1,
      "mean_entropy": 4.203958686363873,
      "std_entropy": 0.5104799400538638,
      "mean_R_ORC": 0.4352966917280055,
      "std_R_ORC": 0.08262272457046098,
      "mean_R_FRC": -6.909090909090909,
      "std_R_FRC": 0.9300611668619886,
      "entropies": [
        4.887591242492244,
        3.6612206574932182,
        4.0630641591061565
      ],
      "orcs": [
        0.3234178198777172,
        0.4620451967276127,
        0.5204270585786865
      ],
      "frcs": [
        -5.818181818181818,
        -6.818181818181818,
        -8.090909090909092
      ]
    }
  ],
  "correlations": {
    "entropy_vs_ORC": {
      "r": -0.31244493120899464,
      "p": 0.11257882252604597
    },
    "entropy_vs_FRC": {
      "r": 0.4803072542893375,
      "p": 0.011222376823180358
    }
  },
  "total_runtime_s": 1557.6368787288666
}