{
  "experiment": "Exp3_Local_vs_Nonlocal_Topology",
  "N": 20,
  "k": 10,
  "delta": 1.0,
  "threshold": 0.5,
  "seeds": [
    3000,
    3001,
    3002
  ],
  "trials": [
    {
      "seed": 3000,
      "subset": [
        1,
        2,
        3,
        4,
        8,
        9,
        11,
        15,
        17,
        19
      ],
      "topologies": {
        "all_to_all": {
          "E0": -85.24843324062557,
          "n_edges_orc": 22,
          "n_edges_frc": 22,
          "R_ORC": 0.2238178459351025,
          "R_FRC": -6.2727272727272725,
          "R_FRC_aug": 2.3181818181818183,
          "MI_mean": 0.15730269853451942,
          "MI_max": 0.6813921966090679
        },
        "chain": {
          "E0": -19.365629550442314,
          "n_edges_orc": 22,
          "n_edges_frc": 22,
          "R_ORC": 0.07252494729435098,
          "R_FRC": -7.545454545454546,
          "R_FRC_aug": 3.5,
          "MI_mean": 0.07380104332407947,
          "MI_max": 1.4288599823814516
        }
      },
      "elapsed_s": 103.3597309589386
    },
    {
      "seed": 3001,
      "subset": [
        1,
        2,
        3,
        6,
        7,
        12,
        13,
        16,
        18,
        19
      ],
      "topologies": {
        "all_to_all": {
          "E0": -84.05106959829457,
          "n_edges_orc": 22,
          "n_edges_frc": 22,
          "R_ORC": 0.21474033359462733,
          "R_FRC": -5.636363636363637,
          "R_FRC_aug": 0.9090909090909091,
          "MI_mean": 0.1047166022773544,
          "MI_max": 0.5828412577280695
        },
        "chain": {
          "E0": -25.88039088879195,
          "n_edges_orc": 22,
          "n_edges_frc": 22,
          "R_ORC": 0.2474808275746364,
          "R_FRC": -6.363636363636363,
          "R_FRC_aug": 3.4545454545454546,
          "MI_mean": 0.13046245487852542,
          "MI_max": 1.1921404305383414
        }
      },
      "elapsed_s": 135.05023407936096
    },
    {
      "seed": 3002,
      "subset": [
        2,
        3,
        4,
        5,
        7,
        8,
        11,
        12,
        15,
        18
      ],
      "topologies": {
        "all_to_all": {
          "E0": -82.38653344410764,
          "n_edges_orc": 22,
          "n_edges_frc": 22,
          "R_ORC": 0.13034279188583148,
          "R_FRC": -5.454545454545454,
          "R_FRC_aug": 1.0909090909090908,
          "MI_mean": 0.08343823453464928,
          "MI_max": 0.883026029052312
        },
        "chain": {
          "E0": -20.576776021383964,
          "n_edges_orc": 22,
          "n_edges_frc": 22,
          "R_ORC": 0.2662196894631034,
          "R_FRC": -5.7272727272727275,
          "R_FRC_aug": 2.0454545454545454,
          "MI_mean": 0.17313417628836475,
          "MI_max": 1.0124474234415666
        }
      },
      "elapsed_s": 95.3441264629364
    }
  ],
  "summary": {
    "all_to_all": {
      "mean_R_ORC": 0.18963365713852043,
      "std_R_ORC": 0.042088441282472945,
      "mean_R_FRC": -5.787878787878788,
      "std_R_FRC": 0.3507829364481886,
      "values_R_ORC": [
        0.2238178459351025,
        0.21474033359462733,
        0.13034279188583148
      ],
      "values_R_FRC": [
        -6.2727272727272725,
        -5.636363636363637,
        -5.454545454545454
      ]
    },
    "chain": {
      "mean_R_ORC": 0.19540848811069692,
      "std_R_ORC": 0.08722789954630603,
      "mean_R_FRC": -6.545454545454546,
      "std_R_FRC": 0.7533213875549124,
      "values_R_ORC": [
        0.07252494729435098,
        0.2474808275746364,
        0.2662196894631034
      ],
      "values_R_FRC": [
        -7.545454545454546,
        -6.363636363636363,
        -5.7272727272727275
      ]
    }
  }
}