{
  "experiment": "Paper 3 - Exp 1: Curvature vs Partiality",
  "N": 20,
  "dim": 1048576,
  "seeds": [
    1000,
    1001,
    1002
  ],
  "k_values": [
    4,
    6,
    8,
    10,
    12,
    14,
    16,
    18,
    20
  ],
  "threshold": 0.5,
  "max_subsets_per_k": 10,
  "results": [
    {
      "k": 4,
      "k_over_N": 0.2,
      "mean_ORC": 0.2621479189540757,
      "std_ORC": 0.4430709383142685,
      "mean_FRC": 0.42222222222222217,
      "std_FRC": 0.3212629398844658,
      "n_samples": 30,
      "orc_values": [
        0.75,
        -0.11985097518029315,
        -0.003861415993875942,
        0.24894268445672582,
        0.75,
        0.2911759280839807,
        0.20820150637029586,
        0.30875756650802,
        0.75,
        0.0403267988410659,
        0.75,
        -0.7950294553315569,
        0.1885167308563527,
        -0.18098320566130124,
        0.2470374287003211,
        0.75,
        -0.1652080050257306,
        0.3196375457313649,
        0.24938544471684912,
        0.07194874621476943,
        0.75,
        0.14842503013596434,
        0.75,
        0.75,
        -1.119066956734243,
        0.328019433766401,
        0.32786009387765735,
        0.21481538761677188,
        0.75,
        0.30538725667273176
      ],
      "frc_values": [
        0.0,
        0.6666666666666666,
        0.6666666666666666,
        0.6666666666666666,
        0.0,
        0.6666666666666666,
        0.6666666666666666,
        0.6666666666666666,
        0.0,
        0.6666666666666666,
        0.0,
        0.6666666666666666,
        0.0,
        0.6666666666666666,
        0.6666666666666666,
        0.0,
        0.6666666666666666,
        0.6666666666666666,
        0.6666666666666666,
        0.6666666666666666,
        0.0,
        0.6666666666666666,
        0.0,
        0.0,
        0.6666666666666666,
        0.0,
        0.6666666666666666,
        0.6666666666666666,
        0.0,
        0.6666666666666666
      ]
    },
    {
      "k": 6,
      "k_over_N": 0.3,
      "mean_ORC": 0.25516929026355123,
      "std_ORC": 0.14121465344591438,
      "mean_FRC": -1.3714285714285714,
      "std_FRC": 0.35685702847990847,
      "n_samples": 30,
      "orc_values": [
        0.24682675233699403,
        0.3982991666677093,
        0.3319295388345002,
        0.1980956403231544,
        0.2116203039022011,
        0.28802917318151966,
        -0.0953234470307638,
        0.24868201034789955,
        0.28459610982946937,
        0.2314022112253588,
        0.3044668337846466,
        0.328120513454693,
        0.0690174105714347,
        0.1915927254457235,
        0.24212653385647215,
        0.23555582946350323,
        0.28601641152002205,
        0.1705603307634751,
        0.3668185228247142,
        0.05277066886806752,
        0.018829178863984133,
        0.3057159222346109,
        0.3659569385792412,
        0.20862737084931712,
        0.30022185602941664,
        0.4018972370082629,
        0.3472741170792522,
        0.27487569434607984,
        0.7142857142857143,
        0.1261914384598625
      ],
      "frc_values": [
        -1.7142857142857142,
        -0.8571428571428571,
        -1.1428571428571428,
        -1.1428571428571428,
        -1.4285714285714286,
        -1.1428571428571428,
        -1.4285714285714286,
        -1.7142857142857142,
        -0.8571428571428571,
        -2.2857142857142856,
        -1.4285714285714286,
        -1.4285714285714286,
        -1.4285714285714286,
        -1.4285714285714286,
        -1.7142857142857142,
        -1.7142857142857142,
        -1.4285714285714286,
        -1.4285714285714286,
        -2.0,
        -1.1428571428571428,
        -0.8571428571428571,
        -1.1428571428571428,
        -2.0,
        -1.4285714285714286,
        -1.1428571428571428,
        -0.8571428571428571,
        -1.1428571428571428,
        -1.4285714285714286,
        -1.4285714285714286,
        -0.8571428571428571
      ]
    },
    {
      "k": 8,
      "k_over_N": 0.4,
      "mean_ORC": 0.24942735010354294,
      "std_ORC": 0.09390013443249295,
      "mean_FRC": -3.719047619047619,
      "std_FRC": 0.3329589734554923,
      "n_samples": 30,
      "orc_values": [
        0.30311929703922036,
        0.17019951595659008,
        0.2344315975635675,
        0.315330375728554,
        0.26869785835927545,
        0.11778856485129784,
        0.3403721587186562,
        0.22920012726385833,
        0.19290658907755942,
        0.08868116705581841,
        0.3392177973193708,
        0.08382982441968855,
        0.455695412083549,
        0.14534552469810996,
        0.23436812988405192,
        0.3170625289866798,
        0.06573834170548731,
        0.2476598166010094,
        0.2210475275372466,
        0.30546535913256795,
        0.38828552154385765,
        0.27691290990378764,
        0.1453691023318895,
        0.23510161471465343,
        0.35827769501287215,
        0.2801725988866289,
        0.2881419261993871,
        0.3559904550550134,
        0.2987507472028262,
        0.17966041827321405
      ],
      "frc_values": [
        -3.4285714285714284,
        -3.2857142857142856,
        -4.142857142857143,
        -4.142857142857143,
        -4.0,
        -3.2857142857142856,
        -4.428571428571429,
        -3.2857142857142856,
        -3.857142857142857,
        -3.5714285714285716,
        -3.857142857142857,
        -3.5714285714285716,
        -3.5714285714285716,
        -3.4285714285714284,
        -3.7142857142857144,
        -3.857142857142857,
        -4.142857142857143,
        -3.857142857142857,
        -3.5714285714285716,
        -3.5714285714285716,
        -4.0,
        -3.4285714285714284,
        -3.4285714285714284,
        -3.142857142857143,
        -3.5714285714285716,
        -4.285714285714286,
        -4.0,
        -3.5714285714285716,
        -3.4285714285714284,
        -4.142857142857143
      ]
    },
    {
      "k": 10,
      "k_over_N": 0.5,
      "mean_ORC": 0.22911132195380235,
      "std_ORC": 0.0437902938129098,
      "mean_FRC": -5.827272727272727,
      "std_FRC": 0.40949475016564396,
      "n_samples": 30,
      "orc_values": [
        0.21030450774023682,
        0.2339028229552527,
        0.1641864175291776,
        0.18207764171007268,
        0.20971134206661413,
        0.19172604882395355,
        0.23827901042080324,
        0.2472575399619237,
        0.25436675095654293,
        0.29566871458822275,
        0.3034430882705496,
        0.19512314564835054,
        0.262913197122336,
        0.2065368385611022,
        0.2060262531398662,
        0.19825029005874184,
        0.23095976725224415,
        0.2309327740382476,
        0.1895931785046269,
        0.32264575806163204,
        0.16984208681213533,
        0.21804558404033536,
        0.2668116314749933,
        0.25854938091474333,
        0.2734619627848604,
        0.24291381802289977,
        0.12062093624200608,
        0.27246492879558093,
        0.2651202566533822,
        0.21160398546263573
      ],
      "frc_values": [
        -5.090909090909091,
        -5.909090909090909,
        -5.636363636363637,
        -5.545454545454546,
        -5.636363636363637,
        -5.909090909090909,
        -6.0,
        -5.909090909090909,
        -6.7272727272727275,
        -6.0,
        -5.363636363636363,
        -5.909090909090909,
        -5.818181818181818,
        -5.454545454545454,
        -6.0,
        -6.0,
        -5.545454545454546,
        -5.7272727272727275,
        -5.363636363636363,
        -7.181818181818182,
        -5.363636363636363,
        -5.818181818181818,
        -6.454545454545454,
        -5.7272727272727275,
        -5.909090909090909,
        -5.7272727272727275,
        -5.454545454545454,
        -5.909090909090909,
        -5.636363636363637,
        -6.090909090909091
      ]
    },
    {
      "k": 12,
      "k_over_N": 0.6,
      "mean_ORC": 0.23239611320945547,
      "std_ORC": 0.03186058855081696,
      "mean_FRC": -8.05050505050505,