{
  "metadata": {
    "N": 8,
    "n_trials": 10,
    "k_over_N_list": [
      0.375,
      0.5
    ],
    "n_shuffles_fast": 200,
    "n_shuffles_hamiltonian": 20,
    "total_time_seconds": 22.203917503356934
  },
  "results": {
    "N=8_k=3_ratio=0.375": {
      "summary": {
        "N": 8,
        "k": 3,
        "k_over_N": 0.375,
        "n_trials": 10,
        "real_r_mean": -0.949800752616374,
        "real_r_std": 0.09857593871389142,
        "real_r_ci": {
          "estimate": -0.949800752616374,
          "ci_low": -0.9905544330161893,
          "ci_high": -0.88446080853431,
          "se": 0.029391530400460997,
          "n": 10,
          "n_bootstrap": 10000,
          "ci_level": 0.95
        },
        "shuffle": {
          "null_r_mean": -0.009865025515519744,
          "null_r_std": 0.05511754802078445,
          "mean_p_value": 0.24250000000000002,
          "median_p_value": 0.22,
          "frac_significant": 0.0,
          "mean_effect_size": -1.3251695896455584,
          "effect_size_ci": {
            "estimate": -1.3251695896455584,
            "ci_low": -1.4144483457385721,
            "ci_high": -1.2244419495565215,
            "se": 0.0486834839402774,
            "n": 10,
            "n_bootstrap": 10000,
            "ci_level": 0.95
          },
          "interpretation": "WEAK REJECTION -> structure exists"
        },
        "eigenvalue": {
          "null_r_mean": -0.00771405077386402,
          "null_r_std": 0.028619754873671882,
          "mean_p_value": 0.021,
          "median_p_value": 0.0125,
          "frac_significant": 0.9,
          "mean_effect_size": -2.651148067872011,
          "effect_size_ci": {
            "estimate": -2.651148067872011,
            "ci_low": -2.888881115799003,
            "ci_high": -2.3959968531389273,
            "se": 0.12720678794991888,
            "n": 10,
            "n_bootstrap": 10000,
            "ci_level": 0.95
          },
          "interpretation": "STRONG REJECTION -> qubit-pair assignments matter, not just spectrum"
        },
        "degree": {
          "null_r_mean": -0.949800752616374,
          "null_r_std": 0.09857593871389142,
          "mean_p_value": 1.0,
          "median_p_value": 1.0,
          "frac_significant": 0.0,
          "mean_effect_size": 0.0,
          "effect_size_ci": {
            "estimate": 0.0,
            "ci_low": 0.0,
            "ci_high": 0.0,
            "se": 0.0,
            "n": 10,
            "n_bootstrap": 10000,
            "ci_level": 0.95
          },
          "interpretation": "FAILS TO REJECT -> pairwise structure matters, not just connectivity"
        },
        "hamiltonian": {
          "null_r_mean": -0.04842230777135491,
          "null_r_std": 0.1685787881655082,
          "mean_p_value": 0.085,
          "median_p_value": 0.025,
          "frac_significant": 0.5,
          "mean_effect_size": -1.2748086566541525,
          "effect_size_ci": {
            "estimate": -1.2748086566541525,
            "ci_low": -1.437986131588583,
            "ci_high": -1.0778147194178134,
            "se": 0.09323141988994406,
            "n": 10,
            "n_bootstrap": 10000,
            "ci_level": 0.95
          },
          "interpretation": "WEAK REJECTION -> state-specific MI matters, not generic ground state"
        }
      },
      "real_r_values": [
        -0.9986265946709095,
        -0.9990358821279257,
        -0.9991631849463019,
        -0.9317371767237993,
        -0.9952714483286073,
        -0.9661761568070562,
        -0.9523411239845219,
        -0.999886678364561,
        -0.9783938914063272,
        -0.67737538880373
      ],
      "per_null": {
        "shuffle": {
          "means": [
            0.019578790354625408,
            -0.08588284146452135,
            -0.008422618574370148,
            -0.03768247155939746,
            0.04141916612300636,
            -0.07740256919245413,
            0.0998436733772218,
            -0.017446821939564008,
            -0.03293402010901318,
            0.0002794578292692629
          ],
          "stds": [
            0.6995217855961728,
            0.7204326084729761,
            0.7376980315981482,
            0.6956104722898457,
            0.6983074610245299,
            0.714765576066278,
            0.6750381248813635,
            0.7340894859519421,
            0.7246528725679425,
            0.6982010720997631
          ],
          "p_values": [
            0.32,
            0.21,
            0.215,
            0.17,
            0.31,
            0.2,
            0.27,
            0.175,
            0.225,
            0.33
          ],
          "effect_sizes": [
            -1.4555735160667822,
            -1.26750653693885,
            -1.3430164158437463,
            -1.2852806862169677,
            -1.4845761678253029,
            -1.2434476664446816,
            -1.558704254736224,
            -1.3383107580556104,
            -1.3047072703195128,
            -0.9705726240079047
          ]
        },
        "eigenvalue": {
          "means": [
            -0.011530086524129816,
            -0.010725213174328667,
            -0.07602241755776774,
            0.005667864660423199,
            -0.0019344417310438121,
            -0.016829708881482983,
            -0.002783095409600702,
            -0.013559538642825355,
            0.033942920271796684,
            0.016633209250319005
          ],
          "stds": [
            0.3509581821844973,
            0.317632934064488,
            0.4095608504868518,
            0.3918251602157209,
            0.35656783134576786,
            0.3203979251128244,
            0.4196379453415685,
            0.3473977354191512,
            0.3175528329224156,
            0.3648336357428745
          ],
          "p_values": [
            0.01,
            0.0,
            0.015,
            0.04,
            0.01,
            0.015,
            0.04,
            0.0,
            0.005,
            0.075
          ],
          "effect_sizes": [
            -2.812575851637695,
            -3.111486760226644,
            -2.25397707395905,
            -2.3924064520719663,
            -2.7858290043958376,
            -2.963023083221503,
            -2.2628030642034025,
            -2.8391870158039088,
            -3.1879319178533594,
            -1.9022604553467453
          ]
        },
        "degree": {
          "means": [
            -0.9986265946709095,
            -0.9990358821279256,
            -0.9991631849463017,
            -0.9317371767237995,
            -0.995271448328607,
            -0.9661761568070558,
            -0.9523411239845215,
            -0.999886678364561,
            -0.9783938914063272,
            -0.6773753888037299
          ],
          "stds": [
            0.0,
            1.1102230246251565e-16,
            1.1102230246251565e-16,
            2.220446049250313e-16,
            2.220446049250313e-16,
            3.3306690738754696e-16,
            3.3306690738754696e-16,
            0.0,
            0.0,
            1.1102230246251565e-16
          ],
          "p_values": [
            1.0,
            1.0,
            1.0,
            1.0,
            1.0,
            1.0,
            1.0,
            1.0,
            1.0,
            1.0
          ],
          "effect_sizes": [
            0.0,
            0.0,
            0.0,
            0.0,
            0.0,
            0.0,
            0.0,
            0.0,
            0.0,
            0.0
          ]
        },
        "hamiltonian": {
          "means": [
            -0.07368068849667637,
            -0.38655659957812283,
            -0.0761508631118085,
            -0.027356751053336303,
            0.018429618276978706,
            0.059467772664043975,
            0.2014542482692292,
            0.04796638042997648,
            0.018144401696667874,
            -0.2659405968105013
          ],