{
  "experiment": "p4_complementarity",
  "description": "Matter-geometry complementarity: T_obs vs S_obs anti-correlation",
  "universality": [
    {
      "N": 12,
      "k": 6,
      "n_seeds": 10,
      "n_subsets": 100,
      "mean_r_TS": -0.5680414665023527,
      "std_r_TS": 0.21767770580625342,
      "individual_r": [
        -0.7605105903720053,
        -0.4779368946508466,
        -0.36399376377759707,
        -0.14643762033737234,
        -0.8644732587075059,
        -0.8178546680076975,
        -0.624158180267787,
        -0.43150812984100295,
        -0.730126962245582,
        -0.46341459681612995
      ],
      "n_negative": 10,
      "n_strongly_negative": 9
    },
    {
      "N": 14,
      "k": 7,
      "n_seeds": 10,
      "n_subsets": 100,
      "mean_r_TS": -0.6564066207508195,
      "std_r_TS": 0.11161669936115116,
      "individual_r": [
        -0.567348350628656,
        -0.6463939923671228,
        -0.6053286201035101,
        -0.851205406345881,
        -0.7955483776464455,
        -0.7014081675778371,
        -0.7246698737529684,
        -0.4590503924143481,
        -0.6614688608450969,
        -0.5516441658263295
      ],
      "n_negative": 10,
      "n_strongly_negative": 10
    },
    {
      "N": 16,
      "k": 8,
      "n_seeds": 5,
      "n_subsets": 50,
      "mean_r_TS": -0.6662419001021114,
      "std_r_TS": 0.125174613264183,
      "individual_r": [
        -0.7040541452345563,
        -0.7846264790729561,
        -0.42320268612795237,
        -0.7151350572408836,
        -0.7041911328342088
      ],
      "n_negative": 5,
      "n_strongly_negative": 5
    }
  ],
  "partiality": [
    {
      "k": 3,
      "k_over_N": 0.25,
      "mean_r_TS": -0.7323185849883667,
      "std_r_TS": 0.27030801881939764,
      "individual_r": [
        -0.9083643674203772,
        -0.7949085530496051,
        -0.4449247992944466,
        -0.06543700086887833,
        -0.9558786482721561,
        -0.9462999995886483,
        -0.894884642624593,
        -0.8447785328965184,
        -0.8634339024214064,
        -0.6042754034470361
      ]
    },
    {
      "k": 4,
      "k_over_N": 0.3333333333333333,
      "mean_r_TS": -0.6918076731034868,
      "std_r_TS": 0.23217156697047203,
      "individual_r": [
        -0.8330130842019162,
        -0.6252739655593013,
        -0.3488348376751703,
        -0.2126420314433491,
        -0.9189507786650822,
        -0.9032248840090024,
        -0.8512339288113714,
        -0.7763416641074236,
        -0.8593319269393339,
        -0.5892296296229179
      ]
    },
    {
      "k": 5,
      "k_over_N": 0.4166666666666667,
      "mean_r_TS": -0.6492144990576175,
      "std_r_TS": 0.19500046530399326,
      "individual_r": [
        -0.8163460970501868,
        -0.5634357088548919,
        -0.42438541163137017,
        -0.2333647920606304,
        -0.8775344287753811,
        -0.8571531699749573,
        -0.7850260340194437,
        -0.5785183082754517,
        -0.7004539458565227,
        -0.6559270940773401
      ]
    },
    {
      "k": 6,
      "k_over_N": 0.5,
      "mean_r_TS": -0.6230032318785537,
      "std_r_TS": 0.16941345163366683,
      "individual_r": [
        -0.7813272717985128,
        -0.5424372197272446,
        -0.4287728842944384,
        -0.2704039823507832,
        -0.7791781009395545,
        -0.7725603436177859,
        -0.7498199063682373,
        -0.49352841406832015,
        -0.7029695198596891,
        -0.7090346757609707
      ]
    },
    {
      "k": 7,
      "k_over_N": 0.5833333333333334,
      "mean_r_TS": -0.5527808463396459,
      "std_r_TS": 0.16912275214497657,
      "individual_r": [
        -0.6390083084965852,
        -0.34112570293443234,
        -0.42227126287707195,
        -0.3814413689612151,
        -0.6471452715168039,
        -0.7215925821934046,
        -0.7220686656228285,
        -0.2666437883069651,
        -0.6938805857616641,
        -0.6926309267254871
      ]
    },
    {
      "k": 8,
      "k_over_N": 0.6666666666666666,
      "mean_r_TS": -0.5103059745991687,
      "std_r_TS": 0.14046474819200577,
      "individual_r": [
        -0.597239054223083,
        -0.3438090886716202,
        -0.4988735436092876,
        -0.44329117938477697,
        -0.6183916179099795,
        -0.6280376848243158,
        -0.5802785369442355,
        -0.19757057625588434,
        -0.5145512565630332,
        -0.6810172076054715
      ]
    },
    {
      "k": 9,
      "k_over_N": 0.75,
      "mean_r_TS": -0.4000154876204401,
      "std_r_TS": 0.25496918422333603,
      "individual_r": [
        -0.5712207315284675,
        -0.1615891338739238,
        -0.6401122996067733,
        -0.398093823772744,
        -0.5271826218572903,
        -0.47671156338485055,
        -0.42808627354291195,
        0.23848187296015783,
        -0.36288819553581436,
        -0.6727521060617829
      ]
    },
    {
      "k": 10,
      "k_over_N": 0.8333333333333334,
      "mean_r_TS": -0.3592876341451093,
      "std_r_TS": 0.21196343064007928,
      "individual_r": [
        -0.32027837395733544,
        -0.13916538095176345,
        -0.7365948686615005,
        -0.49637992296067096,
        -0.32089252548583597,
        -0.3431143643785807,
        -0.325060948259898,
        -0.0016619375299394144,
        -0.24381740974082083,
        -0.6659106095247476
      ]
    },
    {
      "k": 11,
      "k_over_N": 0.9166666666666666,
      "mean_r_TS": -0.402140516040758,
      "std_r_TS": 0.41409648806312666,
      "individual_r": [
        0.0,
        -0.7802824689000527,
        -0.9718565225522413,
        -0.8712824002266935,
        0.0,
        0.0,
        -0.38263782228986754,
        0.0,
        -0.0848404357349399,
        -0.9305055107037852
      ]
    },
    {
      "k": 12,
      "k_over_N": 1.0,
      "mean_r_TS": 0.0,
      "std_r_TS": 0.0,
      "individual_r": [
        0.0,
        0.0,
        0.0,
        0.0,
        0.0,
        0.0,
        0.0,
        0.0,
        0.0,
        0.0
      ]
    }
  ],
  "edge_coupling": {
    "3": {
      "k": 3,
      "n_edges": 500,
      "r_kappa_T": NaN,
      "p_kappa_T": NaN,
      "kappa_mean": 1.0,
      "T_edge_mean": 0.3603523901147987
    },
    "11": {
      "k": 11,
      "n_edges": 13500,
      "r_kappa_T": -0.3887673323600959,
      "p_kappa_T": 0.0,
      "kappa_mean": 0.2648503224395139,
      "T_edge_mean": 0.3282023205203583
    }
  },
  "eigenstates": [
    {
      "seed": 6000,
      "eigenstate_idx": 0,
      "energy": -42.776378457232546,
      "r_TS": -0.7408124991068453,
      "p_TS": 1.2472278625058342e-18,
      "T_mean": 0.21243613870193706,
      "S_mean": 3.3986289853365417
    },
    {
      "seed": 6000,
      "eigenstate_idx": 5,
      "energy": -39.498364807480584,
      "r_TS": -0.5119548175060544,
      "p_TS": 5.20534597736765e-08,
      "T_mean": 0.16012519074617873,
      "S_mean": 3.0776730706964357
    },
    {
      "seed": 6000,
      "eigenstate_idx": 10,
      "energy": -39.11025097486917,
      "r_TS": -0.5965705780000924,
      "p_TS": 5.7656321975144994e-11,
      "T_mean": 0.10587542302079543,
      "S_mean": 2.6728457701197237
    },
    {
      "seed": 6000,
      "eigenstate_idx": 15,
      "energy": -38.087666156483834,
      "r_TS": -0.5035414164653615,
      "p_TS": 9.292500607774869e-08,
      "T_mean": 0.25699808485473424,
      "S_mean": 3.526845965222913
    },
    {
      "seed": 6001,
      "eigenstate_idx": 0,
      "energy": -32.015423478882965,
      "r_TS": -0.5306304741837314,
      "p_TS": 1.3578181931098e-08,
      "T_mean": 0.2172227316359571,
      "S_mean": 3.5724174878901005
    },
    {
      "seed": 6001,
      "eigenstate_idx": 5,
      "energy": -30.855134250563953,
      "r_TS": -0.6262173087546637,
      "p_TS": 3.221740780623426e-12,
      "T_mean": 0.2767581553369,
      "S_mean": 3.391641565056385
    },
    {
      "seed": 6001,
      "eigenstate_idx": 10,
      "energy": -30.54555579500025,
      "r_TS": -0.4456610517810253,