{
  "experiment": "p4_exp7_perspectival_einstein",
  "description": "Does R_obs depend on T_obs? Perspectival Einstein equation test.",
  "parameters": {
    "N": 14,
    "K": 7,
    "n_seeds": 10,
    "n_subsets": 50,
    "seeds": [
      9000,
      9001,
      9002,
      9003,
      9004,
      9005,
      9006,
      9007,
      9008,
      9009
    ],
    "orc_threshold": 0.5,
    "orc_alpha": 0.5
  },
  "aggregate": {
    "mean_r_RT": 0.10086685894350864,
    "std_r_RT": 0.18791402095251997,
    "mean_r_RS": 0.1460300182508218,
    "std_r_RS": 0.1736165799964273,
    "mean_r_RT_given_S": 0.2858976542635026,
    "std_r_RT_given_S": 0.2509798682500794,
    "mean_r_RS_given_T": 0.3106046601257177,
    "std_r_RS_given_T": 0.2329837775626765,
    "n_significant_RT": 3,
    "individual_r_RT": [
      0.3491975795027806,
      -0.11041138543578202,
      0.036423638621662195,
      0.07660527333909999,
      0.38545020142742,
      0.357955086792268,
      0.12717858990331904,
      -0.13061505034135432,
      -0.03316467400751562,
      -0.04995067036681163
    ],
    "individual_r_RS": [
      0.2603070865247002,
      0.5997261250041138,
      0.09302205464811056,
      0.08108660862828845,
      0.017493538585443787,
      0.02888662385797163,
      0.053050134223451985,
      -0.03203848186668226,
      0.21597249033671082,
      0.142794002566109
    ],
    "individual_r_RT_given_S": [
      0.5646888877380224,
      0.4952081611522039,
      0.1337169701844979,
      0.2600846295958065,
      0.6587716417409403,
      0.5224564093930371,
      0.20264154158530545,
      -0.16439477052458296,
      0.1446862969579166,
      0.04111677481187867
    ],
    "individual_r_RS_given_T": [
      0.5261614416586365,
      0.7146575794672212,
      0.15838311131320862,
      0.26135564283801105,
      0.5791498983487307,
      0.40842267198230986,
      0.1674559816237779,
      -0.10561424836523615,
      0.2560742398891015,
      0.140000282501416
    ]
  },
  "seed_summaries": [
    {
      "seed": 9000,
      "E0": -54.2768341190211,
      "n_subsets": 50,
      "r_RT": 0.3491975795027806,
      "p_RT": 0.012935526125653669,
      "r_RS": 0.2603070865247002,
      "p_RS": 0.06789402705061501,
      "r_TS": -0.48740852428574605,
      "p_TS": 0.00033074678887197174,
      "r_RT_given_S": 0.5646888877380224,
      "r_RS_given_T": 0.5261614416586365,
      "R_mean": 0.06784402079238606,
      "R_std": 0.46616410521713647,
      "T_mean": 0.19250978201901275,
      "T_std": 0.02384810582184955,
      "S_mean": 3.8291501270129054,
      "S_std": 0.49347544521996534,
      "elapsed_s": 4.492324113845825
    },
    {
      "seed": 9001,
      "E0": -49.97838370222905,
      "n_subsets": 50,
      "r_RT": -0.11041138543578202,
      "p_RT": 0.44527389393023287,
      "r_RS": 0.5997261250041138,
      "p_RS": 4.173006588014969e-06,
      "r_TS": -0.6728880550415696,
      "p_TS": 8.65134015281455e-08,
      "r_RT_given_S": 0.4952081611522039,
      "r_RS_given_T": 0.7146575794672212,
      "R_mean": 0.1556040676892489,
      "R_std": 0.4094880253055397,
      "T_mean": 0.21217262034176076,
      "T_std": 0.0304318540671463,
      "S_mean": 3.7269168210589303,
      "S_std": 0.6776878016411577,
      "elapsed_s": 4.435622453689575
    },
    {
      "seed": 9002,
      "E0": -45.723927815389196,
      "n_subsets": 50,
      "r_RT": 0.036423638621662195,
      "p_RT": 0.8017189942709614,
      "r_RS": 0.09302205464811056,
      "p_RS": 0.5205330460290455,
      "r_TS": -0.6704100746355492,
      "p_TS": 1.0040785815640845e-07,
      "r_RT_given_S": 0.1337169701844979,
      "r_RS_given_T": 0.15838311131320862,
      "R_mean": 0.29862779095769104,
      "R_std": 0.05688425759143924,
      "T_mean": 0.18217680423987553,
      "T_std": 0.020078975613395954,
      "S_mean": 3.5218232974770847,
      "S_std": 0.2383542689147263,
      "elapsed_s": 6.395967245101929
    },
    {
      "seed": 9003,
      "E0": -43.11302064399475,
      "n_subsets": 50,
      "r_RT": 0.07660527333909999,
      "p_RT": 0.5969730145714033,
      "r_RS": 0.08108660862828845,
      "p_RS": 0.575622748657149,
      "r_TS": -0.8314549855479488,
      "p_TS": 7.650887218166237e-14,
      "r_RT_given_S": 0.2600846295958065,
      "r_RS_given_T": 0.26135564283801105,
      "R_mean": 0.2607383502196273,
      "R_std": 0.14909835354601894,
      "T_mean": 0.2207516259932107,
      "T_std": 0.01993376215528526,
      "S_mean": 3.844526145047261,
      "S_std": 0.4535468429165923,
      "elapsed_s": 5.5898425579071045
    },
    {
      "seed": 9004,
      "E0": -49.099807346490465,
      "n_subsets": 50,
      "r_RT": 0.38545020142742,
      "p_RT": 0.005704335505969872,
      "r_RS": 0.017493538585443787,
      "p_RS": 0.9040249187057842,
      "r_TS": -0.795225155264781,
      "p_TS": 5.2862063026138005e-12,
      "r_RT_given_S": 0.6587716417409403,
      "r_RS_given_T": 0.5791498983487307,
      "R_mean": 0.13651732076541326,
      "R_std": 0.2842786292833024,
      "T_mean": 0.204825113967478,
      "T_std": 0.02678305128146259,
      "S_mean": 3.9282436729884953,
      "S_std": 0.5518259038394964,
      "elapsed_s": 6.811647653579712
    },
    {
      "seed": 9005,
      "E0": -47.369445612468965,
      "n_subsets": 50,
      "r_RT": 0.357955086792268,
      "p_RT": 0.010701619736469659,
      "r_RS": 0.02888662385797163,
      "p_RS": 0.8421575709126489,
      "r_TS": -0.6902167057495822,
      "p_TS": 2.930835347271848e-08,
      "r_RT_given_S": 0.5224564093930371,
      "r_RS_given_T": 0.40842267198230986,
      "R_mean": 0.25644396117771323,
      "R_std": 0.23080958690720513,
      "T_mean": 0.20646715772092109,
      "T_std": 0.02536066541998116,
      "S_mean": 3.4498664427054546,
      "S_std": 0.5184813207854084,
      "elapsed_s": 8.99583101272583
    },
    {
      "seed": 9006,
      "E0": -42.18770537933569,
      "n_subsets": 50,
      "r_RT": 0.12717858990331904,
      "p_RT": 0.3787919828145689,
      "r_RS": 0.053050134223451985,
      "p_RS": 0.7144463822131486,
      "r_TS": -0.6138554838455966,
      "p_TS": 2.129937268228398e-06,
      "r_RT_given_S": 0.20264154158530545,
      "r_RS_given_T": 0.1674559816237779,
      "R_mean": 0.03286653454503674,
      "R_std": 0.3672776750120376,
      "T_mean": 0.12364865762726579,
      "T_std": 0.02254076849377531,
      "S_mean": 3.43430635255018,
      "S_std": 0.47682831220631045,
      "elapsed_s": 8.514954566955566
    },
    {
      "seed": 9007,
      "E0": -52.58808149575702,
      "n_subsets": 50,
      "r_RT": -0.13061505034135432,
      "p_RT": 0.3659374529008859,
      "r_RS": -0.03203848186668226,
      "p_RS": 0.8251913919980284,
      "r_TS": -0.46460087790003607,
      "p_TS": 0.0006763268341818083,
      "r_RT_given_S": -0.16439477052458296,
      "r_RS_given_T": -0.10561424836523615,
      "R_mean": 0.28612660606639456,
      "R_std": 0.08291757199809463,
      "T_mean": 0.2930462296671031,
      "T_std": 0.02046489772088708,
      "S_mean": 3.574488227952242,
      "S_std": 0.33594554947142924,
      "elapsed_s": 4.6996519565582275
    },
    {
      "seed": 9008,
      "E0": -50.300028545895806,
      "n_subsets": 50,
      "r_RT": -0.03316467400751562,
      "p_RT": 0.8191478988233377,
      "r_RS": 0.21597249033671082,
      "p_RS": 0.13197195161388414,
      "r_TS": -0.650414672215099,
      "p_TS": 3.1784881308151007e-07,
      "r_RT_given_S": 0.1446862969579166,
      "r_RS_given_T": 0.2560742398891015,
      "R_mean": 0.27321568111812616,
      "R_std": 0.06493589453805403,
      "T_mean": 0.27665468023573936,
      "T_std": 0.025042080679098036,
      "S_mean": 3.506903852492755,
      "S_std": 0.39915735954151504,
      "elapsed_s": 1.6446189880371094
    },
    {
      "seed": 9009,
      "E0": -39.988872115497166,
      "n_subsets": 50,
      "r_RT": -0.04995067036681163,
      "p_RT": 0.7304806841234637,
      "r_RS": 0.142794002566109,
      "p_RS": 0.3225413589739289,