{
  "experiment": "p4_n20_edge_coupling",
  "description": "N=20 edge-level curvature-matter coupling: does kappa(i,j) ~ -T_ZZ(i,j) survive at N=20?",
  "parameters": {
    "N": 20,
    "seeds": [
      10000,
      10001,
      10002,
      10003,
      10004
    ],
    "orc_threshold": 0.5,
    "orc_alpha": 0.5,
    "eigensolver": "sparse_lanczos"
  },
  "summary": {
    "n_valid_seeds": 5,
    "mean_r_kappa_tzz": -0.43125805280553353,
    "std_r_kappa_tzz": 0.14086297944693968,
    "mean_partial_r_tzz_degree": -0.36340537116056876,
    "std_partial_r_tzz_degree": 0.12876003811789352,
    "n12_reference_r": -0.44,
    "verdict": "CONFIRMED: Edge-level curvature-matter coupling kappa(i,j) ~ -T_ZZ(i,j) survives at N=20 (r=-0.431, partial_r=-0.363). Relationship strengthens or holds with system size."
  },
  "per_seed": [
    {
      "seed": 10000,
      "skipped": false,
      "E0": -78.51472439600968,
      "n_edges": 95,
      "scalar_curvature": 0.2815351836566862,
      "r_kappa_tzz": -0.5745315800008348,
      "p_kappa_tzz": 1.1435355255405396e-09,
      "r_kappa_tmi": -0.5618164929650896,
      "p_kappa_tmi": 3.150105409913847e-09,
      "r_partial_tzz_degree": -0.48413930923757703,
      "p_partial_tzz_degree": 6.668747260933999e-07,
      "r_partial_tmi_degree": -0.5023550179077718,
      "p_partial_tmi_degree": 2.1358358563889733e-07,
      "mean_kappa": 0.2815351836566862,
      "std_kappa": 0.1629704836362894,
      "mean_tzz": 0.21699616962234156,
      "mean_tmi": 0.24469777368914875,
      "mean_degree": 10.83157894736842,
      "seed_time_s": 52.17461061477661
    },
    {
      "seed": 10001,
      "skipped": false,
      "E0": -86.33076453996068,
      "n_edges": 95,
      "scalar_curvature": 0.29243223282509617,
      "r_kappa_tzz": -0.3419830363756356,
      "p_kappa_tzz": 0.0006938652551024779,
      "r_kappa_tmi": -0.3199274930735689,
      "p_kappa_tmi": 0.0015750426965400678,
      "r_partial_tzz_degree": -0.2834053713971876,
      "p_partial_tzz_degree": 0.005385420821135423,
      "r_partial_tmi_degree": -0.250861029192875,
      "p_partial_tmi_degree": 0.014203782139252,
      "mean_kappa": 0.29243223282509617,
      "std_kappa": 0.18844894593457626,
      "mean_tzz": 0.30034493485428926,
      "mean_tmi": 0.24162575281659637,
      "mean_degree": 10.663157894736843,
      "seed_time_s": 52.03686714172363
    },
    {
      "seed": 10002,
      "skipped": false,
      "E0": -88.86705168661678,
      "n_edges": 95,
      "scalar_curvature": 0.2816208845924245,
      "r_kappa_tzz": -0.20884379357170746,
      "p_kappa_tzz": 0.04224837694021372,
      "r_kappa_tmi": -0.0875963591996902,
      "p_kappa_tmi": 0.3986105717240371,
      "r_partial_tzz_degree": -0.1563305036032366,
      "p_partial_tzz_degree": 0.1303131677390899,
      "r_partial_tmi_degree": -0.009509471127533312,
      "p_partial_tmi_degree": 0.9271255768348716,
      "mean_kappa": 0.2816208845924245,
      "std_kappa": 0.14249716506905058,
      "mean_tzz": 0.3023677954210661,
      "mean_tmi": 0.2202499786767986,
      "mean_degree": 10.663157894736843,
      "seed_time_s": 52.11638617515564
    },
    {
      "seed": 10003,
      "skipped": false,
      "E0": -76.08692584215932,
      "n_edges": 95,
      "scalar_curvature": 0.2861428113907386,
      "r_kappa_tzz": -0.5748987793319846,
      "p_kappa_tzz": 1.1098412241324438e-09,
      "r_kappa_tmi": -0.4077857832244898,
      "p_kappa_tmi": 4.100090885233742e-05,
      "r_partial_tzz_degree": -0.39556407159921153,
      "p_partial_tzz_degree": 7.262034925545242e-05,
      "r_partial_tmi_degree": -0.31446549556983855,
      "p_partial_tmi_degree": 0.0019118733804763786,
      "mean_kappa": 0.2861428113907386,
      "std_kappa": 0.15197755414236896,
      "mean_tzz": 0.25498360014524013,
      "mean_tmi": 0.20439408261009062,
      "mean_degree": 9.863157894736842,
      "seed_time_s": 75.91535758972168
    },
    {
      "seed": 10004,
      "skipped": false,
      "E0": -83.88874880772963,
      "n_edges": 95,
      "scalar_curvature": 0.2542556427134408,
      "r_kappa_tzz": -0.45603307474750493,
      "p_kappa_tzz": 3.4131344527737303e-06,
      "r_kappa_tmi": -0.5139126761125434,
      "p_kappa_tmi": 1.0014102137634487e-07,
      "r_partial_tzz_degree": -0.497587599965631,
      "p_partial_tzz_degree": 2.8957590384731976e-07,
      "r_partial_tmi_degree": -0.528989749013958,
      "p_partial_tmi_degree": 3.570554335202972e-08,
      "mean_kappa": 0.2542556427134408,
      "std_kappa": 0.18701794008130637,
      "mean_tzz": 0.26418160854145617,
      "mean_tmi": 0.22436435232239466,
      "mean_degree": 9.957894736842105,
      "seed_time_s": 50.481613636016846
    }
  ],
  "total_time_s": 283.1267304420471
}