{
  "experiment": "p4_n20_complementarity",
  "description": "N=20 confirmation of matter-geometry complementarity",
  "N": 20,
  "n_seeds": 10,
  "seeds": [
    10000,
    10001,
    10002,
    10003,
    10004,
    10005,
    10006,
    10007,
    10008,
    10009
  ],
  "n_subsets_per_seed": 100,
  "k_half": 10,
  "k_quarter": 5,
  "summary": {
    "k10_mean_r_TS": -0.5660939448971758,
    "k10_std_r_TS": 0.06423483978090214,
    "k10_individual_r": [
      -0.5211671450685115,
      -0.6823469473306389,
      -0.48942571396901463,
      -0.6152995464910103,
      -0.6447578547949061,
      -0.549515117254549,
      -0.5714222612703256,
      -0.46163007185943,
      -0.5617956254819209,
      -0.5635791654514515
    ],
    "k10_n_negative": 10,
    "k10_n_strongly_negative": 10,
    "k5_mean_r_TS": -0.7195314597543949,
    "k5_std_r_TS": 0.10751790552315159,
    "k5_individual_r": [
      -0.6048324204857333,
      -0.720074473430848,
      -0.8149805647809156,
      -0.6009785330645092,
      -0.5214363590121096,
      -0.8675423512577016,
      -0.7598519350608077,
      -0.6980036526496234,
      -0.8341109666447661,
      -0.7735033411569346
    ],
    "k5_n_negative": 10,
    "k5_n_strongly_negative": 10
  },
  "prior_results": {
    "N12_mean_r": -0.568,
    "N14_mean_r": -0.6564,
    "N16_mean_r": -0.6662
  },
  "trend": "WEAKENING slightly but still strong",
  "per_seed": [
    {
      "seed": 10000,
      "E0": -78.51472439600967,
      "ham_time_s": 13.133711814880371,
      "eig_time_s": 45.404775857925415,
      "k10": {
        "r_TS": -0.5211671450685115,
        "p_TS": 2.709935088221673e-08,
        "T_mean": 0.15594312169625243,
        "T_std": 0.012091501709605062,
        "S_mean": 4.817374423904982,
        "S_std": 0.4040665202331932,
        "n_subsets": 100,
        "time_s": 23.897534608840942
      },
      "k5": {
        "r_TS": -0.6048324204857333,
        "p_TS": 2.658822142377352e-11,
        "T_mean": 0.1481944487936944,
        "T_std": 0.031038025255556823,
        "S_mean": 3.686935045380515,
        "S_std": 0.28525241385644723,
        "n_subsets": 100,
        "time_s": 3.0461695194244385
      }
    },
    {
      "seed": 10001,
      "E0": -86.33076453996055,
      "ham_time_s": 11.32619571685791,
      "eig_time_s": 35.847644329071045,
      "k10": {
        "r_TS": -0.6823469473306389,
        "p_TS": 5.394150705265712e-15,
        "T_mean": 0.16524532754257076,
        "T_std": 0.010419644312063615,
        "S_mean": 4.243380817532183,
        "S_std": 0.33401387640563046,
        "n_subsets": 100,
        "time_s": 22.164807558059692
      },
      "k5": {
        "r_TS": -0.720074473430848,
        "p_TS": 3.0959535657463277e-17,
        "T_mean": 0.1671791810623595,
        "T_std": 0.03231239084031295,
        "S_mean": 3.2675296689646722,
        "S_std": 0.27608377186913763,
        "n_subsets": 100,
        "time_s": 3.2971746921539307
      }
    },
    {
      "seed": 10002,
      "E0": -88.86705168661706,
      "ham_time_s": 13.30199670791626,
      "eig_time_s": 35.54384255409241,
      "k10": {
        "r_TS": -0.48942571396901463,
        "p_TS": 2.3740602530786023e-07,
        "T_mean": 0.19747106425083608,
        "T_std": 0.018115663495457315,
        "S_mean": 5.164428557300712,
        "S_std": 0.5218912012342115,
        "n_subsets": 100,
        "time_s": 21.494937419891357
      },
      "k5": {
        "r_TS": -0.8149805647809156,
        "p_TS": 5.89223147360507e-25,
        "T_mean": 0.19548121099036891,
        "T_std": 0.044374239226757255,
        "S_mean": 3.846614756609986,
        "S_std": 0.3940716029344758,
        "n_subsets": 100,
        "time_s": 3.239903211593628
      }
    },
    {
      "seed": 10003,
      "E0": -76.08692584215943,
      "ham_time_s": 13.709061622619629,
      "eig_time_s": 52.43211102485657,
      "k10": {
        "r_TS": -0.6152995464910103,
        "p_TS": 9.653450297635617e-12,
        "T_mean": 0.1800006486571405,
        "T_std": 0.014367902165095913,
        "S_mean": 4.779322388506865,
        "S_std": 0.2787501185333158,
        "n_subsets": 100,
        "time_s": 20.641108989715576
      },
      "k5": {
        "r_TS": -0.6009785330645092,
        "p_TS": 3.8255351382185396e-11,
        "T_mean": 0.18185513175509427,
        "T_std": 0.03273001599205868,
        "S_mean": 3.6198367022633953,
        "S_std": 0.237974060047497,
        "n_subsets": 100,
        "time_s": 2.79176926612854
      }
    },
    {
      "seed": 10004,
      "E0": -83.88874880772961,
      "ham_time_s": 10.033860206604004,
      "eig_time_s": 30.328320264816284,
      "k10": {
        "r_TS": -0.6447578547949061,
        "p_TS": 4.5145178343961815e-13,
        "T_mean": 0.16307423668549037,
        "T_std": 0.01773487932852032,
        "S_mean": 4.371443378755215,
        "S_std": 0.3907151070938048,
        "n_subsets": 100,
        "time_s": 20.438719511032104
      },
      "k5": {
        "r_TS": -0.5214363590121096,
        "p_TS": 2.6579529153907798e-08,
        "T_mean": 0.16368598355392566,
        "T_std": 0.03679911182395554,
        "S_mean": 3.3140041820822534,
        "S_std": 0.31255727538885036,
        "n_subsets": 100,
        "time_s": 2.7743136882781982
      }
    },
    {
      "seed": 10005,
      "E0": -99.38898687870288,
      "ham_time_s": 9.989002227783203,
      "eig_time_s": 29.3698570728302,
      "k10": {
        "r_TS": -0.549515117254549,
        "p_TS": 3.203604651371565e-09,
        "T_mean": 0.18719337427014365,
        "T_std": 0.017177163086731582,
        "S_mean": 5.087873673777125,
        "S_std": 0.6643144168528141,
        "n_subsets": 100,
        "time_s": 20.62972092628479
      },
      "k5": {
        "r_TS": -0.8675423512577016,
        "p_TS": 1.7359606355020332e-31,
        "T_mean": 0.18061956489045286,
        "T_std": 0.03875331230845239,
        "S_mean": 3.894903485762003,
        "S_std": 0.3709143948958433,
        "n_subsets": 100,
        "time_s": 2.7878754138946533
      }
    },
    {
      "seed": 10006,
      "E0": -79.50046233589549,
      "ham_time_s": 10.054288864135742,
      "eig_time_s": 39.1070191860199,
      "k10": {
        "r_TS": -0.5714222612703256,
        "p_TS": 5.339734515027513e-10,
        "T_mean": 0.16952346416533612,
        "T_std": 0.014106130202137827,
        "S_mean": 4.7585336778710055,
        "S_std": 0.3999005163331429,
        "n_subsets": 100,
        "time_s": 20.10097575187683
      },
      "k5": {
        "r_TS": -0.7598519350608077,
        "p_TS": 4.9336919364028054e-20,
        "T_mean": 0.1672711239961864,
        "T_std": 0.036370354073288334,
        "S_mean": 3.5732898501196257,
        "S_std": 0.32214140372563904,
        "n_subsets": 100,
        "time_s": 2.7090063095092773
      }
    },
    {
      "seed": 10007,
      "E0": -88.88800543421479,
      "ham_time_s": 9.888959884643555,
      "eig_time_s": 31.002351760864258,
      "k10": {
        "r_TS": -0.46163007185943,
        "p_TS": 1.3369797595617675e-06,
        "T_mean": 0.2209099543248886,
        "T_std": 0.018605691512308786,
        "S_mean": 4.873791447352892,
        "S_std": 0.5557398607862716,
        "n_subsets": 100,
        "time_s": 20.308964252471924
      },
      "k5": {
        "r_TS": -0.6980036526496234,
        "p_TS": 6.981964972640991e-16,
        "T_mean": 0.2280295726887202,
        "T_std": 0.0444265721542325,
        "S_mean": 3.604393811336911,
        "S_std": 0.38886409796771254,
        "n_subsets": 100,
        "time_s": 2.7189834117889404
      }
    },
    {
      "seed": 10008,
      "E0": -79.16787361314935,
      "ham_time_s": 9.870965003967285,
      "eig_time_s": 40.91776132583618,
      "k10": {
        "r_TS": -0.5617956254819209,
        "p_TS": 1.1923996376366052e-09,
        "T_mean": 0.19287395895978154,
        "T_std": 0.017186050168163297,
        "S_mean": 5.297094786537524,
        "S_std": 0.5042437600003653,
        "n_subsets": 100,