{
  "experiment": "curvature_correlation",
  "description": "Ollivier-Ricci curvature vs TC density in MI geometry",
  "all_results": [
    {
      "N": 8,
      "seed": 80800,
      "r_edge_tc": -0.2555408426223084,
      "r_site_tc": -0.49861232097827846,
      "r_curv_mi": -0.6389657614056364,
      "mean_curvature": -1.0137054758016548,
      "std_curvature": 7.151278451025354,
      "mean_tc_density": 0.7103223294029495,
      "scalar_curvature": -28.383753322446335,
      "site_curvatures": [
        0.5135069542029129,
        0.3488955723143076,
        0.12013026970973598,
        0.4091083239482848,
        -5.134201385576203,
        -5.194231828315757,
        0.5281377439795892,
        0.29901054332389027
      ],
      "tc_density": [
        0.3639045563861833,
        0.9307544112079862,
        0.8055663909841935,
        0.4941917555227609,
        0.911781598297223,
        0.9152046837970248,
        0.32333705840297416,
        0.9378381806252504
      ],
      "edge_curvatures": [
        0.7030614113120741,
        0.31809705496028784,
        0.7155463225695468,
        0.32930158350810035,
        0.0713024373027884,
        0.8424966545466989,
        0.6147432152208945,
        -0.020180265491452243,
        0.2771350476513308,
        0.43340088221792594,
        0.5061493884810004,
        0.5427025420292741,
        0.0,
        0.3071531259024969,
        0.17283821005902889,
        0.03210080208874988,
        0.24453891564973051,
        -0.2136359552006899,
        0.41473858327450763,
        0.2482257367689028,
        0.7242297846447585,
        0.1767296668264502,
        -38.150645247599925,
        0.40911779793155034,
        0.4518384915753947,
        0.40186210647905685,
        0.5313819782691276,
        0.5320164065760546
      ]
    },
    {
      "N": 8,
      "seed": 80801,
      "r_edge_tc": 0.03377714209218896,
      "r_site_tc": 0.03677435410012613,
      "r_curv_mi": -0.15794878342122992,
      "mean_curvature": 0.5339317506901272,
      "std_curvature": 0.2065377183398156,
      "mean_tc_density": 1.0113058885674788,
      "scalar_curvature": 14.950089019323563,
      "site_curvatures": [
        0.5990445210412039,
        0.32665111152695125,
        0.6083072586806896,
        0.5400709809529544,
        0.6437393470015874,
        0.6102851922792581,
        0.3217219835735276,
        0.6216336104648459
      ],
      "tc_density": [
        1.0656214975566596,
        0.9862833057628683,
        1.0582298823439982,
        1.0597667072434291,
        0.901778334364442,
        1.0387897969768742,
        1.0010558936471732,
        0.9789216906443868
      ],
      "edge_curvatures": [
        0.4541299498211767,
        0.7654080781292216,
        0.3334813903016013,
        0.7351307260947127,
        0.7510731194377791,
        0.4056439632624258,
        0.7484444202415099,
        0.33824437340722646,
        0.34048299316431996,
        0.504016321609847,
        0.30064746219001337,
        0.0,
        0.34903668049607517,
        0.6601040640893479,
        0.6765632804258469,
        0.7525998925227769,
        0.35664902885923133,
        0.7085820933311758,
        0.7073351317086056,
        0.7353110527308031,
        0.22980900328026344,
        0.7739732313957389,
        0.6820009042478266,
        0.5228278564236974,
        0.678301208500575,
        0.34719515436291826,
        0.7031687604626891,
        0.389928878826157
      ]
    },
    {
      "N": 8,
      "seed": 80802,
      "r_edge_tc": 0.7342052272818429,
      "r_site_tc": 0.8497223341609528,
      "r_curv_mi": 0.14444737872284427,
      "mean_curvature": 0.38204829329476747,
      "std_curvature": 0.29075677036124487,
      "mean_tc_density": 1.0307043432953606,
      "scalar_curvature": 10.69735221225349,
      "site_curvatures": [
        0.5465892137361162,
        0.4052586138342023,
        0.10065417814070053,
        0.4951283653005671,
        0.49953770732335634,
        0.11558883970678578,
        0.4042571761920902,
        0.48937225212432145
      ],
      "tc_density": [
        1.0384474879518257,
        1.0974374918355356,
        0.8793886149254417,
        1.1253616926780223,
        1.018157650888687,
        0.876732640206405,
        1.1019438132986996,
        1.1081653545782681
      ],
      "edge_curvatures": [
        0.6306096898069184,
        0.3930512331960342,
        0.5980720653773692,
        0.40437225350467854,
        0.3332023972084611,
        0.6927259748588529,
        0.7740908822004993,
        -0.10517071202103856,
        0.7017635833885848,
        0.6952476238772213,
        -0.16095702175395443,
        0.533984194315653,
        0.5413329392260313,
        0.1766867161585599,
        0.2635889716414973,
        0.0,
        -0.10959803286990955,
        0.08602107087976041,
        0.7646013501311265,
        0.17001986712311923,
        0.3438672865217586,
        0.7108876884034516,
        0.28355677125815604,
        0.6747678316612356,
        0.41062914918957916,
        -0.012645596001084503,
        0.195945460112803,
        0.7066985748581254
      ]
    },
    {
      "N": 8,
      "seed": 80803,
      "r_edge_tc": 0.05126961986908333,
      "r_site_tc": 0.08285497809866268,
      "r_curv_mi": -0.6298995132709269,
      "mean_curvature": 0.5925752753834416,
      "std_curvature": 0.18461652041110962,
      "mean_tc_density": 0.9913289330284207,
      "scalar_curvature": 16.592107710736364,
      "site_curvatures": [
        0.637453716380063,
        0.487642773332957,
        0.46068831600840066,
        0.6739450804833994,
        0.577636956237189,
        0.6222435791398127,
        0.6721818924489125,
        0.6088098890367982
      ],
      "tc_density": [
        1.0673163463314554,
        0.8728507518564559,
        0.9825962135343459,
        0.8775150004673806,
        1.1003314808627138,
        0.988219016413206,
        0.9474801222737398,
        1.0943225324880685
      ],
      "edge_curvatures": [
        0.686679703887106,
        0.5278874571646661,
        0.684247611998092,
        0.7033254704390253,
        0.5047556290613862,
        0.6970342786979451,
        0.6582458634122211,
        0.0,
        0.6677536833297217,
        0.38187848805028113,
        0.6242621718295535,
        0.7233768819388724,
        0.32954848429516503,
        0.5174237579391809,
        0.5266294104174267,
        0.6465301042808143,
        0.5289454665435499,
        0.477402015713167,
        0.7431281947590573,
        0.8768968946091015,
        0.5693703038985443,
        0.6587951168500977,
        0.19048246896273213,
        0.7415573775075048,
        0.7564572835242961,
        0.7882731321642161,
        0.7245046530708849,
        0.6567158063917554
      ]
    },
    {
      "N": 8,
      "seed": 80804,
      "r_edge_tc": 0.3149872486946885,
      "r_site_tc": 0.6112243167468292,
      "r_curv_mi": -0.5863299890019641,
      "mean_curvature": -0.0762864725388395,
      "std_curvature": 1.8193813620455737,
      "mean_tc_density": 1.0007290754100895,
      "scalar_curvature": -2.136021231087506,
      "site_curvatures": [
        0.28146936894845476,
        -1.1375257809384471,
        0.33572598904955947,
        0.20741168087615217,
        0.35656863754012963,
        0.23104769029019465,
        -1.1351428819555214,
        0.25015351587876145
      ],
      "tc_density": [
        1.0445975140759138,
        0.96211273311647,
        1.0427233561075941,
        0.9648703899517492,
        1.0294544732262016,
        0.9600378813365728,
        0.9641315594681122,
        1.037904695998101
      ],