{
  "experiment": "symmetry_breaking_control",
  "n_qubits": 8,
  "n_trials": 20,
  "k_values": [
    3,
    4
  ],
  "summary": {
    "heisenberg": {
      "name": "Heisenberg (SU(2))",
      "symmetry": "SU(2)",
      "k_results": {
        "3": {
          "k": 3,
          "k_over_N": 0.375,
          "dim_ratio": {
            "mean": 0.9208333333333333,
            "ci_lo": 0.8658333333333335,
            "ci_hi": 0.9783541666666665,
            "n": 200
          },
          "pearson_zz": {
            "mean": -0.7796543145438403,
            "ci_lo": -0.8361943625458547,
            "ci_hi": -0.7158406543552371,
            "n": 200
          },
          "pearson_xx": {
            "mean": -0.9150188912835767,
            "ci_lo": -0.9452374674162114,
            "ci_hi": -0.8800638402639477,
            "n": 200
          }
        },
        "4": {
          "k": 4,
          "k_over_N": 0.5,
          "dim_ratio": {
            "mean": 0.9525,
            "ci_lo": 0.8925,
            "ci_hi": 1.0166874999999997,
            "n": 200
          },
          "pearson_zz": {
            "mean": -0.7093280599469608,
            "ci_lo": -0.7458338421017751,
            "ci_hi": -0.6704093235365466,
            "n": 200
          },
          "pearson_xx": {
            "mean": -0.8461119852977014,
            "ci_lo": -0.8654178477824186,
            "ci_hi": -0.8255228158964556,
            "n": 200
          }
        }
      }
    },
    "xxz_0.5": {
      "name": "XXZ delta=0.5 (U(1))",
      "symmetry": "U(1)",
      "k_results": {
        "3": {
          "k": 3,
          "k_over_N": 0.375,
          "dim_ratio": {
            "mean": 0.83125,
            "ci_lo": 0.7770833333333335,
            "ci_hi": 0.8858541666666665,
            "n": 200
          },
          "pearson_zz": {
            "mean": -0.7201196062502759,
            "ci_lo": -0.7834611590309667,
            "ci_hi": -0.653158961435043,
            "n": 200
          },
          "pearson_xx": {
            "mean": -0.9595691097036084,
            "ci_lo": -0.9748774688768307,
            "ci_hi": -0.9421009002097983,
            "n": 200
          }
        },
        "4": {
          "k": 4,
          "k_over_N": 0.5,
          "dim_ratio": {
            "mean": 0.89375,
            "ci_lo": 0.8349791666666667,
            "ci_hi": 0.95959375,
            "n": 200
          },
          "pearson_zz": {
            "mean": -0.6307837104680388,
            "ci_lo": -0.6668194405010633,
            "ci_hi": -0.5963203766477598,
            "n": 200
          },
          "pearson_xx": {
            "mean": -0.920845228975863,
            "ci_lo": -0.9297173541237056,
            "ci_hi": -0.9114245258339511,
            "n": 200
          }
        }
      }
    },
    "random_pauli": {
      "name": "Random Pauli (no symmetry)",
      "symmetry": "none",
      "k_results": {
        "3": {
          "k": 3,
          "k_over_N": 0.375,
          "dim_ratio": {
            "mean": 0.69,
            "ci_lo": 0.6416562499999999,
            "ci_hi": 0.7404166666666667,
            "n": 200
          },
          "pearson_zz": {
            "mean": -0.7046509261076883,
            "ci_lo": -0.7717904076533488,
            "ci_hi": -0.6352642515428445,
            "n": 200
          },
          "pearson_xx": {
            "mean": -0.6715396425498679,
            "ci_lo": -0.7404059053270795,
            "ci_hi": -0.5967423717098093,
            "n": 200
          }
        },
        "4": {
          "k": 4,
          "k_over_N": 0.5,
          "dim_ratio": {
            "mean": 0.7895833333333332,
            "ci_lo": 0.73875,
            "ci_hi": 0.8416666666666666,
            "n": 200
          },
          "pearson_zz": {
            "mean": -0.6782522284818367,
            "ci_lo": -0.7168211521534802,
            "ci_hi": -0.6380652558405542,
            "n": 200
          },
          "pearson_xx": {
            "mean": -0.5840926813838148,
            "ci_lo": -0.6296992349559523,
            "ci_hi": -0.5361595957999634,
            "n": 200
          }
        }
      }
    }
  },
  "verdict": "PERSISTS",
  "elapsed_seconds": 153.53639388084412,
  "raw_data": {
    "heisenberg": {
      "name": "Heisenberg (SU(2))",
      "symmetry": "SU(2)",
      "trial_count": 20
    },
    "xxz_0.5": {
      "name": "XXZ delta=0.5 (U(1))",
      "symmetry": "U(1)",
      "trial_count": 20
    },
    "random_pauli": {
      "name": "Random Pauli (no symmetry)",
      "symmetry": "none",
      "trial_count": 20
    }
  }
}